episode,steps,X,Y,yaw,steer,throttle,action,reward,done,all_wheels_on_track,progress,closest_waypoint,track_len,tstamp,episode_status,pause_duration,obstacle_crash_counter
0,1.0,3.2681526567698147,1.4712059813788796,-179.7690057539827,-15.35646328541383,2.0,[-15.35646328541383 2.0],0.0,False,True,0.5582681349404426,1,25.106790570080385,6.72,prepare,0.0,0
0,2.0,3.268245778862993,1.4712045456375094,-179.76765359567182,30.0,3.1865992680030626,[30.0 3.1865992680030626],2.4000000000000004,False,True,0.5578973117137429,1,25.106790570080385,6.78,in_progress,0.0,0
0,3.0,3.259382663540393,1.469051195309809,-179.3717574688073,8.710817713540962,3.534974846046504,[8.710817713540962 3.534974846046504],3.0,False,True,0.5932873372548547,1,25.106790570080385,6.854,in_progress,0.0,0
0,4.0,3.237787602446774,1.4629585759520032,-177.8698328639021,30.0,3.1636003623443263,[30.0 3.1636003623443263],2.4000000000000004,False,True,0.6795509381498772,1,25.106790570080385,6.921,in_progress,0.0,0
0,5.0,3.198530315247808,1.4416716910294058,-173.1949504743424,30.0,3.663934379774746,[30.0 3.663934379774746],2.4000000000000004,False,True,0.8367963273081038,2,25.106790570080385,6.982,in_progress,0.0,0
0,6.0,3.1565135609340755,1.4097311342420373,-166.8195644683886,15.080474202260426,2.4787204204602267,[15.080474202260426 2.4787204204602267],1.6,False,True,1.0054788686286644,2,25.106790570080385,7.057,in_progress,0.0,0
0,7.0,3.095950607804265,1.3602224145138626,-159.1293358428159,-7.293435984196567,2.0,[-7.293435984196567 2.0],1.5,False,True,1.248763421399904,2,25.106790570080385,7.127,in_progress,0.0,0
0,8.0,3.0249895291519735,1.3072728168702974,-153.75792869910356,-16.651849779556986,2.0,[-16.651849779556986 2.0],1.2000000000000002,False,True,1.5336055873283345,3,25.106790570080385,7.188,in_progress,0.0,0
0,9.0,2.9487457244215287,1.26813836723115,-153.5060264019389,2.7922208306261638,3.2537780307234296,[2.7922208306261638 3.2537780307234296],2.1,False,True,1.8169571196614345,3,25.106790570080385,7.249,in_progress,0.0,0
0,10.0,2.8448300773384854,1.2163450457101952,-153.3586930830871,9.818428094325135,2.2083559255483793,[9.818428094325135 2.2083559255483793],1.1,False,True,2.227279371693698,3,25.106790570080385,7.326,in_progress,0.0,0
0,11.0,2.7450900874538955,1.1445128382293097,-149.33685101905164,-30.0,2.1890909940668086,[-30.0 2.1890909940668086],0.8800000000000001,False,True,2.6196135221812007,4,25.106790570080385,7.397,in_progress,0.0,0
0,12.0,2.630342183287227,1.0630389152006916,-147.24593448582795,-30.0,2.7634730245388828,[-30.0 2.7634730245388828],1.28064,False,False,3.1182932135836574,4,25.106790570080385,7.457,in_progress,0.0,0
0,13.0,2.5216016596658615,1.0073185738440569,-149.7964148346632,-20.288473132000284,2.9299325419191025,[-20.288473132000284 2.9299325419191025],1.28064,False,False,3.5540105375604836,5,25.106790570080385,7.5280000000000005,in_progress,0.0,0
0,14.0,2.376076228886386,0.9535898128025417,-155.25029550936253,-24.11051095733817,3.5244915832078414,[-24.11051095733817 3.5244915832078414],1.28064,False,False,4.13613709227233,5,25.106790570080385,7.589,in_progress,0.0,0
0,15.0,2.231293835649005,0.9169642682560484,-161.219106967678,-7.225245629314994,3.290539427346937,[-7.225245629314994 3.290539427346937],1.28064,True,False,4.6174050366102355,5,25.106790570080385,7.652,off_track,0.0,0
1,1.0,2.0131440302725903,1.4810079269458183,178.16957012552362,26.132572336921903,4.0,[26.132572336921903 4.0],0.0,False,True,0.5539697009244858,6,25.106790570080385,7.793,prepare,0.0,0
1,2.0,2.0132419365974643,1.4810189340425537,178.1592923633559,-30.0,2.592271093619493,[-30.0 2.592271093619493],2.4000000000000004,False,True,0.5535998860080313,6,25.106790570080385,7.853,in_progress,0.0,0
1,3.0,2.00304041034129,1.4808318661896331,178.35680804953887,-7.453168387622927,3.123949442338717,[-7.453168387622927 3.123949442338717],3.0,False,True,0.5930016036457222,6,25.106790570080385,7.914,in_progress,0.0,0
1,4.0,1.9802929036269028,1.4899237253737958,176.24057836196147,-8.270092780282596,2.6696126370160815,[-8.270092780282596 2.6696126370160815],3.0,False,True,0.689461111807229,6,25.106790570080385,7.979,in_progress,0.0,0
1,5.0,1.9387743255305256,1.4993080310750477,174.63644463639324,30.0,4.0,[30.0 4.0],2.4000000000000004,False,True,0.8589966604811073,6,25.106790570080385,8.06,in_progress,0.0,0
1,6.0,1.8839757918510802,1.5037785796165055,174.89368422347158,-17.566669353902924,2.9644053236834855,[-17.566669353902924 2.9644053236834855],2.4000000000000004,False,True,1.0755995601979838,7,25.106790570080385,8.118,in_progress,0.0,0
1,7.0,1.821158637540256,1.5068447218244587,175.3704017410337,-17.99226258777167,4.0,[-17.99226258777167 4.0],2.4000000000000004,False,True,1.3220357584027467,7,25.106790570080385,8.181,in_progress,0.0,0
1,8.0,1.7516685819751996,1.5279593015781294,171.82151232490182,-20.34733553840703,2.0,[-20.34733553840703 2.0],1.6,False,True,1.6007810897773465,7,25.106790570080385,8.25,in_progress,0.0,0
1,9.0,1.669229289615205,1.5794981642521488,163.0661344213887,11.046747854989306,4.0,[11.046747854989306 4.0],3.0,False,True,1.9779700143835872,7,25.106790570080385,8.321,in_progress,0.0,0
1,10.0,1.5816036696327482,1.6327397134957125,157.1044883614114,19.33345785789124,4.0,[19.33345785789124 4.0],2.4000000000000004,False,True,2.376898886199541,8,25.106790570080385,8.393,in_progress,0.0,0
1,11.0,1.477926297754006,1.6718291222953723,156.36272356038546,10.141185832412745,2.8508149547288557,[10.141185832412745 2.8508149547288557],3.0,False,True,2.792813536759679,8,25.106790570080385,8.451,in_progress,0.0,0
1,12.0,1.3554600253525657,1.7088990581486028,159.22478949618687,17.21519076928356,2.3274633728568417,[17.21519076928356 2.3274633728568417],1.6,False,True,3.288911383967774,8,25.106790570080385,8.525,in_progress,0.0,0
1,13.0,1.2242268031809267,1.7387988573886217,162.9559922935331,4.114211836222765,4.0,[4.114211836222765 4.0],2.5,False,True,3.8180636719410646,9,25.106790570080385,8.586,in_progress,0.0,0
1,14.0,1.0712210101388595,1.770782577977593,165.7552999294048,-2.8387454031450616,3.280393593087378,[-2.8387454031450616 3.280393593087378],2.5,False,True,4.23351468590631,9,25.106790570080385,8.657,in_progress,0.0,0
1,15.0,0.9193053670680811,1.809506753020448,165.66993559165368,10.164175828869801,3.683935573619341,[10.164175828869801 3.683935573619341],2.1,False,True,4.74602929754411,10,25.106790570080385,8.717,in_progress,0.0,0
1,16.0,0.7465278416994254,1.8512530670118317,166.20844360996955,-3.555086764493282,2.609935837704543,[-3.555086764493282 2.609935837704543],2.1,False,True,5.507123792294931,10,25.106790570080385,8.789,in_progress,0.0,0
1,17.0,0.5729245287405605,1.888928424730843,166.9450446851794,1.1094268263016396,2.9950107771502434,[1.1094268263016396 2.9950107771502434],1.6008,False,False,6.148435674210105,11,25.106790570080385,8.846,in_progress,0.0,0
1,18.0,0.3822940524766118,1.932527129719469,167.06587042124133,-30.0,3.07232125111235,[-30.0 3.07232125111235],1.28064,False,False,7.104382275325648,12,25.106790570080385,8.92,in_progress,0.0,0
1,19.0,0.1914743741729275,1.9846253461752268,165.33671112917094,30.0,2.0,[30.0 2.0],0.64064,False,False,8.006748835734404,12,25.106790570080385,8.99,in_progress,0.0,0
1,20.0,0.014311473508490241,2.044195492613349,162.23951278945506,-9.750064003354055,3.2287074208288424,[-9.750064003354055 3.2287074208288424],1.28064,True,False,8.710453320393745,13,25.106790570080385,9.058,off_track,0.0,0
2,1.0,0.8081665690848285,1.524898475610809,-159.38393776503642,-13.655523814971545,4.0,[-13.655523814971545 4.0],0.0,False,True,0.5544597016799615,10,25.106790570080385,9.184,prepare,0.0,0
2,2.0,0.8081791091506401,1.525199883460174,-159.44024777913344,-30.0,2.461070824328364,[-30.0 2.461070824328364],1.6,False,True,0.5541461160459088,10,25.106790570080385,9.26,in_progress,0.0,0
2,3.0,0.7984205412330286,1.5236436027883575,-159.72843920079305,-21.226871824249613,3.8910484993366015,[-21.226871824249613 3.8910484993366015],2.4000000000000004,False,True,0.5934241510880665,10,25.106790570080385,9.32,in_progress,0.0,0
2,4.0,0.7725835902237034,1.5258646432849956,-162.40033177077942,-30.0,3.0164248737108568,[-30.0 3.0164248737108568],2.4000000000000004,False,True,0.6918446193670866,10,25.106790570080385,9.387,in_progress,0.0,0
2,5.0,0.7294914188118546,1.5341419655919732,-167.34368037242626,-30.0,2.5923038598623447,[-30.0 2.5923038598623447],2.4000000000000004,False,True,0.8519766455992173,11,25.106790570080385,9.453,in_progress,0.0,0
2,6.0,0.6716928084432465,1.5561324627759687,-175.25591734378577,30.0,2.0744318970965336,[30.0 2.0744318970965336],1.6,False,True,1.0571899541814367,11,25.106790570080385,9.525,in_progress,0.0,0
2,7.0,0.6075513684109209,1.5757049151125828,178.45066155041278,-30.0,4.0,[-30.0 4.0],2.0,False,True,1.2891690186302736,11,25.106790570080385,9.577,in_progress,0.0,0
2,8.0,0.5393624646672048,1.589398463421733,175.16126356922663,30.0,3.748588566726016,[30.0 3.748588566726016],2.0,False,True,1.599104936052251,11,25.106790570080385,9.664,in_progress,0.0,0
2,9.0,0.44234060045859036,1.602897331629287,174.16603302896488,2.0867074601709987,2.6152809526643224,[2.0867074601709987 2.6152809526643224],2.5,False,True,1.979457161009751,12,25.106790570080385,9.724,in_progress,0.0,0
2,10.0,0.3439502841364863,1.6015617977418806,176.5842764885419,3.2379487505192373,3.2103638775649985,[3.2379487505192373 3.2103638775649985],2.5,False,True,2.3703405197499277,12,25.106790570080385,9.784,in_progress,0.0,0
2,11.0,0.23195247336561506,1.6013305710985963,178.08303354818145,-5.08246195412292,2.3828943875328066,[-5.08246195412292 2.3828943875328066],1.5,False,True,2.857820180422463,12,25.106790570080385,9.853,in_progress,0.0,0
2,12.0,0.08784518887767762,1.606201352381921,178.03298849228287,30.0,2.476073334996938,[30.0 2.476073334996938],1.2000000000000002,False,True,3.4316227301172426,13,25.106790570080385,9.925,in_progress,0.0,0
2,13.0,-0.03794535364069765,1.6080269103998956,178.64673900556667,1.6568500954966154,2.3801328560067043,[1.6568500954966154 2.3801328560067043],1.5,False,True,3.947372575231714,13,25.106790570080385,9.992,in_progress,0.0,0
2,14.0,-0.18807843920498912,1.5974288893026238,-178.54779998837577,13.809657895899967,3.026339325137344,[13.809657895899967 3.026339325137344],2.5,False,True,4.544501037190493,14,25.106790570080385,10.045,in_progress,0.0,0
2,15.0,-0.3187102136757201,1.581476073552487,-175.9138625294956,-25.55520443900624,2.59313731900962,[-25.55520443900624 2.59313731900962],2.0,False,True,5.055930077779763,14,25.106790570080385,10.116,in_progress,0.0,0
2,16.0,-0.4876130417511719,1.564886556188051,-175.1819996161132,19.03897956288639,3.0278595435069295,[19.03897956288639 3.0278595435069295],2.0,False,True,5.728626626050323,15,25.106790570080385,10.179,in_progress,0.0,0
2,17.0,-0.65874178236576,1.5521948236826377,-175.25970934313813,-30.0,2.7639119932587475,[-30.0 2.7639119932587475],2.0,False,True,6.410037260948181,15,25.106790570080385,10.254,in_progress,0.0,0
2,18.0,-0.8328525135971732,1.5364178262556145,-175.18155020146253,30.0,3.046291619372433,[30.0 3.046291619372433],2.4000000000000004,False,True,7.103509930450833,16,25.106790570080385,10.313,in_progress,0.0,0
2,19.0,-0.9978112951490026,1.5254044337061428,-175.67896217556878,-30.0,3.281274738516748,[-30.0 3.281274738516748],2.4000000000000004,False,True,7.761186769991676,16,25.106790570080385,10.385,in_progress,0.0,0
2,20.0,-1.1824370152031716,1.5065472406811609,-174.82138076137747,30.0,3.429474187832836,[30.0 3.429474187832836],2.4000000000000004,False,True,8.496311981990596,17,25.106790570080385,10.45,in_progress,0.0,0
2,21.0,-1.3742532344605998,1.4914503125314926,-175.2390061554793,30.0,2.0,[30.0 2.0],1.6,False,True,9.26019887189222,18,25.106790570080385,10.525,in_progress,0.0,0
2,22.0,-1.563203935236308,1.4604289965858281,-172.2672483298723,6.741200616032714,2.0,[6.741200616032714 2.0],2.0,False,True,10.012226534058701,18,25.106790570080385,10.587,in_progress,0.0,0
2,23.0,-1.708712538304193,1.4304327761243427,-170.26083939586636,-30.0,2.623253428760602,[-30.0 2.623253428760602],2.4000000000000004,False,True,10.591161352096707,19,25.106790570080385,10.65,in_progress,0.0,0
2,24.0,-1.8788487463055623,1.397166611916978,-169.78939505358386,-3.0850095841277643,4.0,[-3.0850095841277643 4.0],2.5,False,True,11.267516551290809,19,25.106790570080385,10.725,in_progress,0.0,0
2,25.0,-2.0625416271855386,1.3798492132028406,-172.89580503843771,-16.382908693627844,3.157243499580673,[-16.382908693627844 3.157243499580673],2.0,False,True,11.998652940917573,20,25.106790570080385,10.786,in_progress,0.0,0
2,26.0,-2.2498954918442022,1.3777560742320076,-176.94829509643623,-30.0,2.879766685407243,[-30.0 2.879766685407243],2.0,False,True,12.744240548121338,20,25.106790570080385,10.852,in_progress,0.0,0
2,27.0,-2.4256411948044345,1.3925650245264796,177.5074625715258,-8.612458814299323,3.4262787664623895,[-8.612458814299323 3.4262787664623895],2.5,False,True,13.444711684035344,21,25.106790570080385,10.931000000000001,in_progress,0.0,0
2,28.0,-2.6510473361498814,1.4272789379294464,170.0918667960723,30.0,2.0,[30.0 2.0],1.6,False,True,14.349199566303138,22,25.106790570080385,10.979,in_progress,0.0,0
2,29.0,-2.826725297734937,1.4602507519703627,164.7943138280475,-30.0,2.0372302082801044,[-30.0 2.0372302082801044],1.6,False,True,15.04704680003883,22,25.106790570080385,11.058,in_progress,0.0,0
2,30.0,-3.009083536680098,1.489465758863074,163.4800612452959,-16.584744172067204,2.366180052351354,[-16.584744172067204 2.366180052351354],1.6,False,True,15.768175475069166,23,25.106790570080385,11.126,in_progress,0.0,0
2,31.0,-3.185976258610806,1.525088483010851,164.15016341162536,-30.0,2.754575258198769,[-30.0 2.754575258198769],2.4000000000000004,False,True,16.485762636580606,24,25.106790570080385,11.19,in_progress,0.0,0
2,32.0,-3.33813520249198,1.5693207827356266,163.66317922485152,2.181939139534677,2.0,[2.181939139534677 2.0],1.5,False,True,17.1786014175313,24,25.106790570080385,11.255,in_progress,0.0,0
2,33.0,-3.5096126050076952,1.6263896417426456,162.52528455466017,19.37084365794849,2.1375553609467683,[19.37084365794849 2.1375553609467683],1.2000000000000002,False,True,17.896329873413055,25,25.106790570080385,11.329,in_progress,0.0,0
2,34.0,-3.6703052585614944,1.668523287707709,164.11562311642794,30.0,4.0,[30.0 4.0],2.0,False,True,18.618906096045293,25,25.106790570080385,11.384,in_progress,0.0,0
2,35.0,-3.801003074734597,1.6960269884361356,166.0839905674659,13.957471934741491,3.7363394048899568,[13.957471934741491 3.7363394048899568],3.0,False,True,19.141975777112588,26,25.106790570080385,11.446,in_progress,0.0,0
2,36.0,-3.982082737412249,1.7176380198416286,170.35721723160694,30.0,4.0,[30.0 4.0],2.4000000000000004,False,True,19.806079179971327,26,25.106790570080385,11.515,in_progress,0.0,0
2,37.0,-4.151607768354616,1.7203454680784542,175.78060028333877,24.2804051399346,2.5210971152549178,[24.2804051399346 2.5210971152549178],2.4000000000000004,False,True,20.475688762360186,27,25.106790570080385,11.582,in_progress,0.0,0
2,38.0,-4.3504920827135445,1.7079617493500847,-177.86182492353925,8.308284803170181,3.8642087249508696,[8.308284803170181 3.8642087249508696],3.0,False,True,21.228383350972006,27,25.106790570080385,11.654,in_progress,0.0,0
2,39.0,-4.53786589381271,1.682822741791138,-172.4326711677264,24.190582204593454,4.0,[24.190582204593454 4.0],2.0,False,True,21.88571708788518,28,25.106790570080385,11.722,in_progress,0.0,0
2,40.0,-4.7326817481577095,1.6404542526298187,-166.86770147391076,-0.11969113135144127,2.0,[-0.11969113135144127 2.0],1.5,False,True,22.48879135980311,29,25.106790570080385,11.786,in_progress,0.0,0
2,41.0,-4.921664091216931,1.5825263669411818,-160.38627937676313,30.0,3.1384781495953553,[30.0 3.1384781495953553],1.6800000000000002,False,True,23.084080133939537,29,25.106790570080385,11.845,in_progress,0.0,0
2,42.0,-5.104163358312334,1.5148296040839562,-154.54634850672355,10.597281984483324,2.3328133667032667,[10.597281984483324 2.3328133667032667],0.8008,False,False,23.160489557087114,29,25.106790570080385,11.912,in_progress,0.0,0
2,43.0,-5.263626800482783,1.4430028949602445,-149.0848994784585,20.49265159257301,2.247754720065354,[20.49265159257301 2.247754720065354],0.64064,False,False,23.629635191602656,29,25.106790570080385,11.98,in_progress,0.0,0
2,44.0,-5.435641964039614,1.3600456512680803,-145.4437257362392,30.0,2.0,[30.0 2.0],0.512512,True,False,24.1564446382159,30,25.106790570080385,12.057,off_track,0.0,0
3,1.0,-0.4448496638807232,1.4697102402791966,-179.9876299035714,11.060091873902849,2.5578601101110463,[11.060091873902849 2.5578601101110463],0.0,False,True,0.5580657601751027,14,25.106790570080385,12.183,prepare,0.0,0
3,2.0,-0.44477467269046805,1.4699606372239244,179.97373709576058,14.625523956135474,2.5942206962112375,[14.625523956135474 2.5942206962112375],3.0,False,True,0.557767689495553,14,25.106790570080385,12.252,in_progress,0.0,0
3,3.0,-0.4536345300887376,1.4714467434599552,179.55486871432728,4.263284836011614,2.0,[4.263284836011614 2.0],2.0,False,True,0.593060040988655,14,25.106790570080385,12.32,in_progress,0.0,0
3,4.0,-0.47898316866517177,1.4723153358069374,179.22109145766458,-15.51350032090941,3.0114714149962696,[-15.51350032090941 3.0114714149962696],2.4000000000000004,False,True,0.6940254430994552,15,25.106790570080385,12.386,in_progress,0.0,0
3,5.0,-0.5141510926173849,1.4759705989800753,178.4344676257189,30.0,3.1868450947407285,[30.0 3.1868450947407285],2.4000000000000004,False,True,0.8341077949649306,15,25.106790570080385,12.453,in_progress,0.0,0
3,6.0,-0.5673112828963668,1.4808562765581297,177.75213127249543,-30.0,3.221110728753602,[-30.0 3.221110728753602],2.4000000000000004,False,True,1.045856118729502,15,25.106790570080385,12.518,in_progress,0.0,0
3,7.0,-0.6355480243001038,1.484131827482268,177.1358646614806,-30.0,2.0,[-30.0 2.0],1.6,False,True,1.3176224944806691,15,25.106790570080385,12.577,in_progress,0.0,0
3,8.0,-0.7036406317581421,1.5092510550057905,172.31017176876338,1.6287093492405411,4.0,[1.6287093492405411 4.0],3.0,False,True,1.5888470840173141,15,25.106790570080385,12.653,in_progress,0.0,0
3,9.0,-0.7849299108720418,1.5411785786545684,167.86032119215065,30.0,2.0,[30.0 2.0],1.6,False,True,1.9126372699626053,16,25.106790570080385,12.719,in_progress,0.0,0
3,10.0,-0.8819817747623921,1.5603546283224514,167.73461678774044,18.27204225056252,2.434059012837018,[18.27204225056252 2.434059012837018],1.2000000000000002,False,True,2.2992031775479758,16,25.106790570080385,12.779,in_progress,0.0,0
3,11.0,-0.9963763138574961,1.5637973682655535,172.16301685631012,-12.715622295672844,2.0,[-12.715622295672844 2.0],1.5,False,True,2.755945556379291,16,25.106790570080385,12.853,in_progress,0.0,0
3,12.0,-1.1261806461546722,1.5666715818109636,175.28672055538703,-20.63867908593134,2.0,[-20.63867908593134 2.0],1.2000000000000002,False,True,3.2729874374425814,17,25.106790570080385,12.921,in_progress,0.0,0
3,13.0,-1.2403137890556613,1.5836497826904976,173.62770740229877,30.0,2.0,[30.0 2.0],1.2000000000000002,False,True,3.728214784394937,17,25.106790570080385,12.992,in_progress,0.0,0
3,14.0,-1.3610890940575,1.6043532326825947,171.91942127776585,30.0,2.8091166428889554,[30.0 2.8091166428889554],2.0,False,True,4.20959188160518,17,25.106790570080385,13.049,in_progress,0.0,0
3,15.0,-1.481377080202811,1.6113572453064253,174.05907500455677,30.0,2.500851260092523,[30.0 2.500851260092523],2.0,False,True,4.688806548020522,18,25.106790570080385,13.118,in_progress,0.0,0
3,16.0,-1.6185854767685781,1.6004958480691653,179.25239630081504,11.46871164591439,4.0,[11.46871164591439 4.0],2.5,False,True,5.235684984593175,18,25.106790570080385,13.189,in_progress,0.0,0
3,17.0,-1.76417718367117,1.5743524923431684,-174.83144193154834,4.462398331769094,2.5952464016143555,[4.462398331769094 2.5952464016143555],2.5,False,True,5.815029951158198,19,25.106790570080385,13.247,in_progress,0.0,0
3,18.0,-1.9122717449182443,1.5365233945092651,-169.84302319902608,18.923022119570255,4.0,[18.923022119570255 4.0],2.4000000000000004,False,True,6.404589789226669,19,25.106790570080385,13.321,in_progress,0.0,0
3,19.0,-2.085847493946863,1.4794473662959131,-164.85421233799985,5.279896186956854,3.786390295512836,[5.279896186956854 3.786390295512836],3.0,False,True,7.094302931866733,20,25.106790570080385,13.383,in_progress,0.0,0
3,20.0,-2.2407140436266406,1.414073692683683,-160.29668066584085,21.86554360752705,3.286780822391406,[21.86554360752705 3.286780822391406],2.4000000000000004,False,True,7.708908270793168,20,25.106790570080385,13.457,in_progress,0.0,0
3,21.0,-2.423838688064653,1.3176436501925703,-154.4496961908854,-5.450741452614132,4.0,[-5.450741452614132 4.0],2.5,False,True,8.434982846043567,21,25.106790570080385,13.522,in_progress,0.0,0
3,22.0,-2.587651240708339,1.2193251866787986,-149.59055831598425,6.422395305463134,3.791719523297852,[6.422395305463134 3.791719523297852],2.1,False,True,9.112704877769486,22,25.106790570080385,13.592,in_progress,0.0,0
3,23.0,-2.7703598896475046,1.1005432404995454,-145.8795341443393,24.29445274932654,3.6881226671193175,[24.29445274932654 3.6881226671193175],1.3440000000000003,False,False,9.879693580573829,22,25.106790570080385,13.653,in_progress,0.0,0
3,24.0,-2.9320501188961474,0.9812755546888269,-142.7917150544842,-29.38452081188553,3.2747507119505235,[-29.38452081188553 3.2747507119505235],1.28064,False,False,10.542084226849946,23,25.106790570080385,13.718,in_progress,0.0,0
3,25.0,-3.099163122780917,0.8476021402956565,-138.73795759182096,-8.593822112168283,2.0,[-8.593822112168283 2.0],0.64064,True,False,11.046551132767696,23,25.106790570080385,13.791,off_track,0.0,0
4,1.0,-1.7002490399194314,1.473189897411945,179.68603350704566,30.0,2.8483660676863023,[30.0 2.8483660676863023],0.0,False,True,0.5583301862415291,19,25.106790570080385,13.922,prepare,0.0,0
4,2.0,-1.7000702193582038,1.4731952549832805,179.70447708031156,30.0,2.0,[30.0 2.0],1.6,False,True,0.5576180659539909,19,25.106790570080385,13.981,in_progress,0.0,0
4,3.0,-1.7070500539556395,1.4746287615735012,179.29432992894337,-11.834957383606781,2.839953667008853,[-11.834957383606781 2.839953667008853],3.0,False,True,0.5854477302464106,19,25.106790570080385,14.046,in_progress,0.0,0
4,4.0,-1.7293741985484226,1.4755013538294557,179.02500282582065,-2.4121747774110105,2.4627918513284683,[-2.4121747774110105 2.4627918513284683],2.0,False,True,0.6743812331580085,19,25.106790570080385,14.122,in_progress,0.0,0
4,5.0,-1.7634075409309373,1.478966220141357,178.33995770448826,27.177773474695556,3.1383633261858037,[27.177773474695556 3.1383633261858037],2.4000000000000004,False,True,0.8100049432520934,19,25.106790570080385,14.176,in_progress,0.0,0
4,6.0,-1.8096977453216803,1.4754571830496217,179.57341206131832,-15.863205704780281,2.593506970616386,[-15.863205704780281 2.593506970616386],2.4000000000000004,False,True,0.9943036473221006,19,25.106790570080385,14.257,in_progress,0.0,0
4,7.0,-1.8781475821103921,1.4708053131961922,-179.2642540542121,30.0,4.0,[30.0 4.0],2.4000000000000004,False,True,1.2668128772356402,19,25.106790570080385,14.315,in_progress,0.0,0
4,8.0,-1.9462151537017562,1.469819958840197,-179.00157414459716,5.959146341849781,4.0,[5.959146341849781 4.0],3.0,False,True,1.5378902455778638,19,25.106790570080385,14.381,in_progress,0.0,0
4,9.0,-2.0335740836715175,1.454684710739649,-175.9404578717293,30.0,2.1663069513307027,[30.0 2.1663069513307027],1.6,False,True,1.8854014748157621,20,25.106790570080385,14.454,in_progress,0.0,0
4,10.0,-2.1240585352005694,1.42367116121317,-170.5513712436821,-30.0,3.6383990615816724,[-30.0 3.6383990615816724],2.4000000000000004,False,True,2.2446775796525653,20,25.106790570080385,14.517,in_progress,0.0,0
4,11.0,-2.230859907933368,1.3876980179654779,-167.11460642740113,0.5236514848332163,3.4934830166511666,[0.5236514848332163 3.4934830166511666],2.5,False,True,2.668763194460741,20,25.106790570080385,14.584,in_progress,0.0,0
4,12.0,-2.36058284673372,1.3557577146443427,-166.61279983118678,28.696776657890588,2.604181379306353,[28.696776657890588 2.604181379306353],2.0,False,True,3.1843420071554664,21,25.106790570080385,14.66,in_progress,0.0,0
4,13.0,-2.4901079180079027,1.3145449874851154,-164.74813185840063,30.0,2.349210890358067,[30.0 2.349210890358067],1.2000000000000002,False,True,3.7169535146242967,21,25.106790570080385,14.731,in_progress,0.0,0
4,14.0,-2.625168435467338,1.2491602510810038,-159.22777789907352,-1.3195988547002848,2.007673051627797,[-1.3195988547002848 2.007673051627797],1.1,False,True,4.259817211958394,22,25.106790570080385,14.792,in_progress,0.0,0
4,15.0,-2.7517348473654875,1.1819234130784668,-155.14163826301836,-7.728891553978912,2.384058765918474,[-7.728891553978912 2.384058765918474],1.1,False,True,4.792679665917346,22,25.106790570080385,14.857,in_progress,0.0,0
4,16.0,-2.8697975255286,1.1269072007267689,-155.07351722140933,-25.333235712601926,2.0,[-25.333235712601926 2.0],0.7040000000000002,False,False,5.27126342523887,23,25.106790570080385,14.918,in_progress,0.0,0
4,17.0,-2.99355050496079,1.0762773515140998,-156.35863099545688,-15.052853731312096,2.6261061355610855,[-15.052853731312096 2.6261061355610855],1.28064,False,False,5.771798920643922,23,25.106790570080385,14.974,in_progress,0.0,0
4,18.0,-3.146564768949529,1.0291844855582877,-160.08761316817015,20.4869762048465,3.049705912468558,[20.4869762048465 3.049705912468558],1.28064,False,False,6.260336385736343,23,25.106790570080385,15.053,in_progress,0.0,0
4,19.0,-3.2978321015493988,0.984330750670901,-162.0262355782414,-23.97078538546996,2.0,[-23.97078538546996 2.0],0.64064,False,False,6.856269350194194,24,25.106790570080385,15.116,in_progress,0.0,0
4,20.0,-3.4464956839609258,0.9320834971011045,-161.2584572801009,5.8656795965255455,3.50960552384013,[5.8656795965255455 3.50960552384013],1.28064,True,False,7.077352095297002,24,25.106790570080385,15.187,off_track,0.0,0
5,1.0,-2.9553687816158405,1.4636590599569395,-177.67067481059962,-8.247238457867251,2.0833391883052355,[-8.247238457867251 2.0833391883052355],0.0,False,True,0.5584869301660411,23,25.106790570080385,15.32,prepare,0.0,0
5,2.0,-2.9551550831129663,1.4637751023962553,-177.72102692584093,-30.0,4.0,[-30.0 4.0],2.4000000000000004,False,True,0.5576180659539853,23,25.106790570080385,15.378,in_progress,0.0,0
5,3.0,-2.962940123974442,1.4604939270983424,-176.94799925501135,4.57968518396595,3.6703551378996266,[4.57968518396595 3.6703551378996266],3.0,False,True,0.5891209358973859,23,25.106790570080385,15.458,in_progress,0.0,0
5,4.0,-2.9859252909268936,1.4565509360904632,-176.35699554428356,30.0,4.0,[30.0 4.0],2.4000000000000004,False,True,0.6812226337228333,23,25.106790570080385,15.522,in_progress,0.0,0
5,5.0,-3.0196629564208144,1.442239146750673,-173.3549425430985,15.066162187239001,3.2530492736345353,[15.066162187239001 3.2530492736345353],2.4000000000000004,False,True,0.8177597608745757,23,25.106790570080385,15.59,in_progress,0.0,0
5,6.0,-3.0659086457267875,1.4165533658314269,-168.6169514775987,-23.978633525473818,3.8260097731490705,[-23.978633525473818 3.8260097731490705],2.4000000000000004,False,True,0.992820990839216,23,25.106790570080385,15.652,in_progress,0.0,0
5,7.0,-3.1246664266123223,1.3948260655450215,-166.29550755029916,30.0,3.2764590872731425,[30.0 3.2764590872731425],2.4000000000000004,False,True,1.223708238326765,23,25.106790570080385,15.709,in_progress,0.0,0
5,8.0,-3.192402835976096,1.37232754478647,-164.98930915749037,-25.558411202457123,3.520679545957239,[-25.558411202457123 3.520679545957239],2.0,False,True,1.4902290976562371,24,25.106790570080385,15.784,in_progress,0.0,0
5,9.0,-3.279441081403557,1.341074669118108,-163.5669412157992,8.51392446785352,4.0,[8.51392446785352 4.0],2.5,False,True,1.832372541796401,24,25.106790570080385,15.856,in_progress,0.0,0
5,10.0,-3.374718286944307,1.3101095939175496,-162.9445487692475,-30.0,3.3445109538947673,[-30.0 3.3445109538947673],2.0,False,True,2.0773520952970026,24,25.106790570080385,15.927,in_progress,0.0,0
5,11.0,-3.484490536468087,1.270353753283928,-161.80968945657375,-13.385019930041032,2.0,[-13.385019930041032 2.0],1.1,False,True,2.455336600687735,24,25.106790570080385,15.988,in_progress,0.0,0
5,12.0,-3.5964085358590605,1.2494358706257083,-164.9031613557478,-30.0,4.0,[-30.0 4.0],1.6800000000000002,False,True,2.867590214279386,25,25.106790570080385,16.052,in_progress,0.0,0
5,13.0,-3.728769919155205,1.2332287853127386,-168.899745447552,1.3001503629584263,3.26360739085766,[1.3001503629584263 3.26360739085766],2.1,False,True,3.283092554878564,25,25.106790570080385,16.12,in_progress,0.0,0
5,14.0,-3.8717571332378586,1.217045239494151,-171.2600400658432,-19.294534205029628,2.8509770129966343,[-19.294534205029628 2.8509770129966343],1.28064,False,False,3.676219620514365,25,25.106790570080385,16.173,in_progress,0.0,0
5,15.0,-4.014497767765338,1.1975641259421042,-171.85826103960093,-2.8525941610629992,4.0,[-2.8525941610629992 4.0],1.6008,False,False,4.172393796138768,26,25.106790570080385,16.245,in_progress,0.0,0
5,16.0,-4.179840894857544,1.1797626729433044,-172.8674875205934,-24.425885526521654,2.0,[-24.425885526521654 2.0],0.64064,False,False,6.172250930050549,27,25.106790570080385,16.316,in_progress,0.0,0
5,17.0,-4.3481938346551505,1.1605892964130151,-173.3099149068882,30.0,3.1963997951080234,[30.0 3.1963997951080234],1.024512,True,False,8.566830532835473,29,25.106790570080385,16.389,off_track,0.0,0
6,1.0,-4.175854713709176,1.698893921610677,171.6531502339664,16.92917580368895,3.718736336595833,[16.92917580368895 3.718736336595833],0.0,False,True,0.5588160385536556,27,25.106790570080385,16.513,prepare,0.0,0
6,2.0,-4.175547162368102,1.6989180725310904,171.6404230234038,-16.389133132651864,4.0,[-16.389133132651864 4.0],2.4000000000000004,False,True,0.5576180659539853,27,25.106790570080385,16.59,in_progress,0.0,0
6,3.0,-4.184087614403896,1.7018188033637633,171.2995873300514,14.742082939066492,2.0,[14.742082939066492 2.0],2.0,False,True,0.5929528646364923,27,25.106790570080385,16.656,in_progress,0.0,0
6,4.0,-4.202959675644063,1.7012876649180513,172.0832419985558,-4.0775384893112765,4.0,[-4.0775384893112765 4.0],3.0,False,True,0.667013819541934,27,25.106790570080385,16.722,in_progress,0.0,0
6,5.0,-4.237392989351404,1.6982313149767068,173.970260555895,11.347253245496503,4.0,[11.347253245496503 4.0],3.0,False,True,0.8073247105367887,27,25.106790570080385,16.792,in_progress,0.0,0
6,6.0,-4.288801261853602,1.6924521182713417,176.4803987335092,10.474256316386693,3.778422701927996,[10.474256316386693 3.778422701927996],3.0,False,True,1.0102202619377554,27,25.106790570080385,16.849,in_progress,0.0,0
6,7.0,-4.348009536903052,1.68322640937893,179.37579775760906,30.0,4.0,[30.0 4.0],2.4000000000000004,False,True,1.2467987387794255,27,25.106790570080385,16.92,in_progress,0.0,0
6,8.0,-4.420996751838856,1.6627772990064376,-175.9336910236526,30.0,3.21568073681963,[30.0 3.21568073681963],2.4000000000000004,False,True,1.548670843649752,28,25.106790570080385,16.986,in_progress,0.0,0
6,9.0,-4.504749464797347,1.618648727948144,-167.45352539244254,27.879612664468972,3.5389189175059386,[27.879612664468972 3.5389189175059386],2.4000000000000004,False,True,1.9109688414447379,28,25.106790570080385,17.06,in_progress,0.0,0
6,10.0,-4.596535132404283,1.5472805139715113,-156.04282113256426,11.468561764651149,3.0099421422883847,[11.468561764651149 3.0099421422883847],3.0,False,True,2.3702500804630655,28,25.106790570080385,17.13,in_progress,0.0,0
6,11.0,-4.684609399666161,1.4612934243077735,-144.97031286976215,-30.0,4.0,[-30.0 4.0],2.4000000000000004,False,True,2.860449620073452,29,25.106790570080385,17.184,in_progress,0.0,0
6,12.0,-4.769347675965884,1.384534179327904,-138.613235459689,-30.0,4.0,[-30.0 4.0],2.4000000000000004,False,True,3.2397595586956376,29,25.106790570080385,17.25,in_progress,0.0,0
6,13.0,-4.902987537461952,1.2976649960043747,-139.07998193632494,22.05757713021824,4.0,[22.05757713021824 4.0],2.0,False,True,3.733923639064207,30,25.106790570080385,17.325,in_progress,0.0,0
6,14.0,-5.020405752274573,1.2329814406853827,-144.17034085143675,-13.345156512477129,3.574767027175975,[-13.345156512477129 3.574767027175975],2.1,False,True,4.12402933452608,30,25.106790570080385,17.395,in_progress,0.0,0
6,15.0,-5.163914478704455,1.1533558622318427,-148.46627370641906,14.530008033654795,3.3882134455812034,[14.530008033654795 3.3882134455812034],2.1,False,True,4.428752999995355,30,25.106790570080385,17.454,in_progress,0.0,0
6,16.0,-5.303112066728332,1.0815436545007,-151.17598237876328,10.163321694322349,3.1255878823096634,[10.163321694322349 3.1255878823096634],1.6008,False,False,4.816179494524064,30,25.106790570080385,17.518,in_progress,0.0,0
6,17.0,-5.452514249734758,0.986084607307831,-149.11604098633603,-17.786913538766974,2.0,[-17.786913538766974 2.0],0.512512,True,False,5.303854608797687,31,25.106790570080385,17.59,off_track,0.0,0
7,1.0,-4.86330732741845,0.8053926895123046,-101.01914749804101,30.0,2.0,[30.0 2.0],0.0,False,True,0.5582081928968419,31,25.106790570080385,17.722,prepare,0.0,0
7,2.0,-4.8634797465178465,0.8055790515273714,-101.10138731394744,-14.370497441855637,2.0,[-14.370497441855637 2.0],2.0,False,True,0.5576169352153881,31,25.106790570080385,17.789,in_progress,0.0,0
7,3.0,-4.863877164930618,0.7992091556677934,-100.884317697575,-30.0,3.0285687608701286,[-30.0 3.0285687608701286],2.4000000000000004,False,True,0.582797780977734,31,25.106790570080385,17.85,in_progress,0.0,0
7,4.0,-4.8691880088490045,0.7817134949683677,-101.5372839757054,29.787328320310955,4.0,[29.787328320310955 4.0],2.4000000000000004,False,True,0.6552943762256791,31,25.106790570080385,17.928,in_progress,0.0,0
7,5.0,-4.8739722865897495,0.7428456108114906,-100.47604868910118,30.0,3.5338254306057224,[30.0 3.5338254306057224],2.4000000000000004,False,True,0.8108076144288434,31,25.106790570080385,17.985,in_progress,0.0,0
7,6.0,-4.86399216947283,0.7098948884247268,-96.6746456724801,-19.019739311327584,3.398099616271157,[-19.019739311327584 3.398099616271157],2.4000000000000004,False,True,0.9315532790058534,31,25.106790570080385,18.056,in_progress,0.0,0
7,7.0,-4.8478430971933815,0.6508778771693887,-91.43112196376092,22.486497228253626,4.0,[22.486497228253626 4.0],2.4000000000000004,False,True,1.1491811208645841,32,25.106790570080385,18.128,in_progress,0.0,0
7,8.0,-4.837356212770287,0.5822269718187805,-88.39842653565215,-30.0,4.0,[-30.0 4.0],2.4000000000000004,False,True,1.4088924953314874,32,25.106790570080385,18.181,in_progress,0.0,0
7,9.0,-4.824302828356817,0.5061667291530376,-86.04111109522063,-30.0,2.4930105809388996,[-30.0 2.4930105809388996],1.2000000000000002,False,True,1.695500120643889,32,25.106790570080385,18.258,in_progress,0.0,0
7,10.0,-4.834638337025029,0.41242534197888303,-89.62520058048867,30.0,2.664628742716892,[30.0 2.664628742716892],2.0,False,True,2.071682533924718,32,25.106790570080385,18.325,in_progress,0.0,0
7,11.0,-4.843463286858233,0.3182242151991184,-91.7747042293761,-30.0,4.0,[-30.0 4.0],2.0,False,True,2.4465898104356953,33,25.106790570080385,18.387,in_progress,0.0,0
7,12.0,-4.850125781801128,0.20919440839946454,-92.79358151325324,6.670415163692027,3.3906269529195665,[6.670415163692027 3.3906269529195665],2.5,False,True,2.8777741499713185,33,25.106790570080385,18.456,in_progress,0.0,0
7,13.0,-4.867746543433315,0.08459429816351302,-95.04194738159478,30.0,3.8782686932534594,[30.0 3.8782686932534594],2.0,False,True,3.390963713059331,33,25.106790570080385,18.514,in_progress,0.0,0
7,14.0,-4.864517092674853,-0.060355861332735045,-91.8322976681054,-30.0,4.0,[-30.0 4.0],2.0,False,True,3.9576552851968874,34,25.106790570080385,18.584,in_progress,0.0,0
7,15.0,-4.8537990028569515,-0.20358849008287888,-89.00152752710376,-23.782531948162323,3.2523713805940893,[-23.782531948162323 3.2523713805940893],2.0,False,True,4.754228247494302,35,25.106790570080385,18.654,in_progress,0.0,0
7,16.0,-4.860839396315796,-0.3511001508644551,-90.94502319233807,8.903122768596305,3.203717520942928,[8.903122768596305 3.203717520942928],2.5,False,True,5.524428543838295,35,25.106790570080385,18.712,in_progress,0.0,0
7,17.0,-4.871769780238385,-0.5189740490068651,-92.49422854505427,30.0,4.0,[30.0 4.0],2.4000000000000004,False,True,6.052240393085895,36,25.106790570080385,18.781,in_progress,0.0,0
7,18.0,-4.8622842741558365,-0.7042164920785213,-88.92126938491957,-23.589927856968345,3.6262277520754127,[-23.589927856968345 3.6262277520754127],2.0,False,True,6.5170893451557745,36,25.106790570080385,18.852,in_progress,0.0,0
7,19.0,-4.849181725071498,-0.9074671149284542,-87.45939093390054,-22.251304528849566,3.1181694623762706,[-22.251304528849566 3.1181694623762706],1.6800000000000002,False,True,6.969506886331089,36,25.106790570080385,18.918,in_progress,0.0,0
7,20.0,-4.856468564962976,-1.0982625055384128,-90.54987151445533,-4.241653704701729,3.466374418468896,[-4.241653704701729 3.466374418468896],1.6008,False,False,7.331729977201795,37,25.106790570080385,18.983,in_progress,0.0,0
7,21.0,-4.872891269513435,-1.2991256115074,-93.15836190382672,30.0,3.1398380278606375,[30.0 3.1398380278606375],1.024512,True,False,7.6830737489066605,37,25.106790570080385,19.048,off_track,0.0,0
8,1.0,-4.9688737965973795,-0.4286888578462664,-80.1110950271977,-30.0,2.0,[-30.0 2.0],0.0,False,True,0.5372153244693201,35,25.106790570080385,19.181,prepare,0.0,0
8,2.0,-4.968915569636335,-0.42845742948134213,-80.09125850024658,-5.111762592071411,2.061249191286115,[-5.111762592071411 2.061249191286115],2.0,False,True,0.5363601019989894,35,25.106790570080385,19.253,in_progress,0.0,0
8,3.0,-4.966113517978911,-0.4371698629791859,-79.75193893355579,30.0,4.0,[30.0 4.0],2.4000000000000004,False,True,0.5713157890878839,35,25.106790570080385,19.319,in_progress,0.0,0
8,4.0,-4.95405915121712,-0.4595940131436479,-77.51101629769701,-8.532972665270165,2.1970817840852717,[-8.532972665270165 2.1970817840852717],2.0,False,True,0.6721546200410156,35,25.106790570080385,19.381,in_progress,0.0,0
8,5.0,-4.940166545918399,-0.49120291160007123,-75.80219547589404,7.39460634818662,2.0,[7.39460634818662 2.0],2.0,False,True,0.8073397487890766,35,25.106790570080385,19.46,in_progress,0.0,0
8,6.0,-4.918124592619453,-0.5445150469079785,-73.93072124296478,-13.52281718145871,2.0,[-13.52281718145871 2.0],2.0,False,True,1.032226329220326,36,25.106790570080385,19.517,in_progress,0.0,0
8,7.0,-4.89326078281325,-0.6009516837924709,-72.12037641273643,-11.917065108332757,3.4350495912972523,[-11.917065108332757 3.4350495912972523],3.0,False,True,1.2737273710031638,36,25.106790570080385,19.582,in_progress,0.0,0
8,8.0,-4.874215529508652,-0.674020565888612,-73.24219218996369,-7.2987460973567835,2.3296796872272822,[-7.2987460973567835 2.3296796872272822],1.5,False,True,1.5170893451557754,36,25.106790570080385,19.651,in_progress,0.0,0
8,9.0,-4.858224256486634,-0.7759962147623245,-76.28737536387484,-29.24058913750649,2.0,[-29.24058913750649 2.0],1.2000000000000002,False,True,1.671711586345992,36,25.106790570080385,19.718,in_progress,0.0,0
8,10.0,-4.849853833399617,-0.875180544569103,-79.56223975466273,30.0,2.634794819561786,[30.0 2.634794819561786],1.6800000000000002,False,True,1.9016816579556783,36,25.106790570080385,19.79,in_progress,0.0,0
8,11.0,-4.840671284900887,-0.9979534557312426,-82.04762597454267,17.172615107817627,2.9605584338676865,[17.172615107817627 2.9605584338676865],1.6800000000000002,False,True,2.1823052879899607,37,25.106790570080385,19.857,in_progress,0.0,0
8,12.0,-4.809708651249168,-1.1237687764362674,-79.30776025026051,-19.652860452793043,2.4617478472640517,[-19.652860452793043 2.4617478472640517],0.64064,False,False,2.5437481205653647,37,25.106790570080385,19.924,in_progress,0.0,0
8,13.0,-4.774821165608595,-1.2472520886841436,-76.7593378576218,-30.0,3.533660191371421,[-30.0 3.533660191371421],1.28064,False,False,2.7180072978762846,37,25.106790570080385,19.978,in_progress,0.0,0
8,14.0,-4.752399141770132,-1.3868008279046273,-78.98662271659434,8.565264054042693,3.296954854316209,[8.565264054042693 3.296954854316209],1.28064,True,False,2.7180072978762846,37,25.106790570080385,20.049,off_track,0.0,0
9,1.0,-3.852675813623651,-0.9147607364528091,-9.223249570878481,30.0,3.2559346633245934,[30.0 3.2559346633245934],0.0,False,True,0.5569390924723916,39,25.106790570080385,20.182,prepare,0.0,0
9,2.0,-3.852772759525346,-0.914871398363138,-9.237978637453976,-21.181964344605188,2.506822583759173,[-21.181964344605188 2.506822583759173],2.4000000000000004,False,True,0.5565950545005693,39,25.106790570080385,20.263,in_progress,0.0,0
9,3.0,-3.844291686817476,-0.9130353110822317,-8.470525172103857,-30.0,3.314683449971266,[-30.0 3.314683449971266],2.4000000000000004,False,True,0.589560991796223,39,25.106790570080385,20.323,in_progress,0.0,0
9,4.0,-3.8261128076445363,-0.9167786179337293,-8.670407609755589,1.1021873774489102,4.0,[1.1021873774489102 4.0],3.0,False,True,0.6630302354450834,39,25.106790570080385,20.383,in_progress,0.0,0
9,5.0,-3.7952264524702186,-0.9221963258336845,-8.617631195008732,-23.892204675791344,3.408039656263173,[-23.892204675791344 3.408039656263173],2.4000000000000004,False,True,0.7875117020770983,40,25.106790570080385,20.448,in_progress,0.0,0
9,6.0,-3.7464083995578386,-0.9329195181498593,-9.404314001018424,-28.7630398043039,3.4944161305877586,[-28.7630398043039 3.4944161305877586],2.4000000000000004,False,True,0.9850532878366014,40,25.106790570080385,20.513,in_progress,0.0,0
9,7.0,-3.6984022461607293,-0.9538120822873903,-12.440390153463778,-30.0,2.1263945406242453,[-30.0 2.1263945406242453],1.6,False,True,1.183093356809578,40,25.106790570080385,20.58,in_progress,0.0,0
9,8.0,-3.6322068792089626,-0.9999294510637284,-19.355440172899407,-16.004360653611414,3.04685973187123,[-16.004360653611414 3.04685973187123],2.4000000000000004,False,True,1.505050551607101,40,25.106790570080385,20.655,in_progress,0.0,0
9,9.0,-3.560565678457435,-1.0565922882194503,-25.937220885751184,-30.0,2.701046041427303,[-30.0 2.701046041427303],2.0,False,True,1.836824566089601,40,25.106790570080385,20.719,in_progress,0.0,0
9,10.0,-3.48141670564846,-1.1357134707162166,-33.8026290247113,19.58294479164158,3.1675927968864683,[19.58294479164158 3.1675927968864683],2.0,False,True,2.219416193127388,41,25.106790570080385,20.784,in_progress,0.0,0
9,11.0,-3.3997509107092694,-1.2194997422560363,-39.19250263298394,-30.0,3.443374647198477,[-30.0 3.443374647198477],1.6800000000000002,False,True,2.683107499253634,41,25.106790570080385,20.847,in_progress,0.0,0
9,12.0,-3.3052467865224044,-1.3091463690253975,-41.55460665137689,15.989986135854096,2.5181301736549244,[15.989986135854096 2.5181301736549244],1.6800000000000002,False,True,3.1531970198387715,42,25.106790570080385,20.918,in_progress,0.0,0
9,13.0,-3.218418707680083,-1.403997869119168,-44.85063101135393,14.480129890909772,3.646566635495967,[14.480129890909772 3.646566635495967],1.6800000000000002,False,False,3.600848848183391,42,25.106790570080385,20.992,in_progress,0.0,0
9,14.0,-3.0993130049690474,-1.5081642384315685,-42.74531278431349,-10.574759462454054,3.115868966370431,[-10.574759462454054 3.115868966370431],1.6008,False,False,4.156109888732262,42,25.106790570080385,21.054,in_progress,0.0,0
9,15.0,-2.981940646868468,-1.6028815876651548,-40.787281839414554,-30.0,2.927445618474469,[-30.0 2.927445618474469],1.28064,False,False,4.715481362958079,43,25.106790570080385,21.112,in_progress,0.0,0
9,16.0,-2.866340575145658,-1.7148264483561952,-42.639703675961194,25.644322241362296,2.0,[25.644322241362296 2.0],0.64064,False,False,4.96006339228482,43,25.106790570080385,21.176,in_progress,0.0,0
9,17.0,-2.7564412965050766,-1.8265879774441667,-44.478811150059194,-10.244802417490295,4.0,[-10.244802417490295 4.0],1.28064,True,False,5.445610306587023,43,25.106790570080385,21.251,off_track,0.0,0
10,1.0,-2.6374989334932146,-1.2081083350937891,-8.269657004450625,28.641545260082765,3.4983626658167566,[28.641545260082765 3.4983626658167566],0.0,False,True,0.5583044133130766,43,25.106790570080385,21.387,prepare,0.0,0
10,2.0,-2.6377052056321824,-1.208328236388928,-8.311045339540652,30.0,4.0,[30.0 4.0],2.4000000000000004,False,True,0.5576180659539853,43,25.106790570080385,21.458,in_progress,0.0,0
10,3.0,-2.6294209586116537,-1.2085598996378426,-8.176453726871367,3.787983609522996,4.0,[3.787983609522996 4.0],3.0,False,True,0.590400956195819,44,25.106790570080385,21.524,in_progress,0.0,0
10,4.0,-2.601227424599366,-1.201161742517579,-5.44454284692193,30.0,3.2069372693529195,[30.0 3.2069372693529195],2.4000000000000004,False,True,0.6972567596593315,44,25.106790570080385,21.589,in_progress,0.0,0
10,5.0,-2.560133607033736,-1.1878840353361226,-1.4061091875975347,30.0,2.4686189886476564,[30.0 2.4686189886476564],1.6,False,True,0.8515695765021369,44,25.106790570080385,21.65,in_progress,0.0,0
10,6.0,-2.511495219358888,-1.1593120035925029,5.532220596705885,-7.227093817962192,2.50740346268793,[-7.227093817962192 2.50740346268793],3.0,False,True,1.0268113468578088,44,25.106790570080385,21.721,in_progress,0.0,0
10,7.0,-2.4514000806287317,-1.1289527913174275,11.014075906024493,5.855081130273739,2.2850927610741225,[5.855081130273739 2.2850927610741225],1.5,False,True,1.2640085528638545,44,25.106790570080385,21.79,in_progress,0.0,0
10,8.0,-2.375969999378015,-1.1037913039513754,13.296906010102731,-30.0,3.7328840315053315,[-30.0 3.7328840315053315],2.0,False,True,1.5526238668280568,44,25.106790570080385,21.851,in_progress,0.0,0
10,9.0,-2.2920777508906056,-1.0789549301714103,14.07072458386501,1.012277073671921,2.0,[1.012277073671921 2.0],1.5,False,True,1.8748996313413813,45,25.106790570080385,21.919,in_progress,0.0,0
10,10.0,-2.1913715350638743,-1.0576630839119872,13.207949795950196,-30.0,2.967727982761305,[-30.0 2.967727982761305],1.6800000000000002,False,True,2.2652377184629477,45,25.106790570080385,21.988,in_progress,0.0,0
10,11.0,-2.0744810548754318,-1.0382620466349015,11.35985944676624,9.419839308466877,2.7582970812748693,[9.419839308466877 2.7582970812748693],2.1,False,True,2.735262153908441,45,25.106790570080385,22.054,in_progress,0.0,0
10,12.0,-1.9606234084295553,-1.0289659973959409,8.556378680328132,-24.618292374263312,2.699862059180712,[-24.618292374263312 2.699862059180712],1.6800000000000002,False,True,3.183864380169471,46,25.106790570080385,22.127,in_progress,0.0,0
10,13.0,-1.816965400213691,-1.01635296794282,6.597972673382882,30.0,2.0,[30.0 2.0],0.8800000000000001,False,True,3.939651851278664,46,25.106790570080385,22.182,in_progress,0.0,0
10,14.0,-1.6877602463655554,-1.0150175528284477,3.3234228520879436,-11.637802172653121,4.0,[-11.637802172653121 4.0],2.1,False,True,4.452681666148389,47,25.106790570080385,22.252,in_progress,0.0,0
10,15.0,-1.5581659378643395,-1.0072206935974726,2.7433345887203,2.82800478836149,3.0920091942614154,[2.82800478836149 3.0920091942614154],2.1,False,True,5.174505375202348,47,25.106790570080385,22.32,in_progress,0.0,0
10,16.0,-1.3954039553424524,-1.009064177777735,0.939810936709642,11.481966513878191,2.7863854351452693,[11.481966513878191 2.7863854351452693],2.5,False,True,5.791508099941151,48,25.106790570080385,22.378,in_progress,0.0,0
10,17.0,-1.2563324251724477,-1.0056059803047477,1.188167572700173,-30.0,2.8280762080532,[-30.0 2.8280762080532],2.0,False,True,6.3019391258834325,48,25.106790570080385,22.45,in_progress,0.0,0
10,18.0,-1.05510609366936,-1.0070761255913825,-0.14018927518899607,30.0,3.158042060445415,[30.0 3.158042060445415],2.0,False,True,7.0744405119872065,49,25.106790570080385,22.507,in_progress,0.0,0
10,19.0,-0.8857458146462285,-1.0176918806363107,-2.22596951016843,-30.0,3.553523383590944,[-30.0 3.553523383590944],2.0,False,True,7.627556647572336,49,25.106790570080385,22.584,in_progress,0.0,0
10,20.0,-0.6890204185725757,-1.0244661704858251,-2.409859675250771,27.60184269182092,3.442519516682995,[27.60184269182092 3.442519516682995],2.0,False,True,8.402864411640193,50,25.106790570080385,22.656,in_progress,0.0,0
10,21.0,-0.494804786603562,-1.0420473339777436,-4.427808332048599,18.190771347729473,2.0,[18.190771347729473 2.0],1.2000000000000002,False,True,9.034701391166639,51,25.106790570080385,22.726,in_progress,0.0,0
10,22.0,-0.3024370739290674,-1.0408774766709703,-1.6356816843751114,0.9895993895807464,4.0,[0.9895993895807464 4.0],2.1,False,True,9.69093511931009,51,25.106790570080385,22.785,in_progress,0.0,0
10,23.0,-0.13141257307797016,-1.0395962029243009,-0.6933900186932677,-30.0,2.3382259950480577,[-30.0 2.3382259950480577],0.8800000000000001,False,True,10.301355835103582,52,25.106790570080385,22.856,in_progress,0.0,0
10,24.0,0.056126059005339166,-1.0504923499705758,-2.3010753119244893,6.245861496523403,3.7064698195586367,[6.245861496523403 3.7064698195586367],1.6800000000000002,False,False,11.338230316168257,52,25.106790570080385,22.924,in_progress,0.0,0
10,25.0,0.23205679232196005,-1.0639059142971345,-3.37167343701327,-30.0,2.0,[-30.0 2.0],0.7040000000000002,False,False,12.626230672464994,54,25.106790570080385,22.978,in_progress,0.0,0
10,26.0,0.42759900113967886,-1.0736915646399305,-3.0850878745354926,5.334744574652248,3.1157601324857076,[5.334744574652248 3.1157601324857076],1.6800000000000002,False,False,13.795760016267094,54,25.106790570080385,23.054,in_progress,0.0,0
10,27.0,0.5941415292774125,-1.0852904300458854,-3.5044478063707483,30.0,2.2394135952519347,[30.0 2.2394135952519347],1.2000000000000002,False,True,14.333548258206658,55,25.106790570080385,23.122,in_progress,0.0,0
10,28.0,0.765036885322711,-1.0889971579885906,-2.2071641731390126,2.913704210161889,2.870001379583833,[2.913704210161889 2.870001379583833],3.0,False,True,14.951404638652349,55,25.106790570080385,23.185,in_progress,0.0,0
10,29.0,0.9430101077359279,-1.0809775964920794,0.6191560843952126,30.0,2.880786852748632,[30.0 2.880786852748632],2.0,False,True,15.479189621737206,56,25.106790570080385,23.254,in_progress,0.0,0
10,30.0,1.1164718858167844,-1.0565831047293313,6.008896107019501,24.49305278524499,2.0,[24.49305278524499 2.0],1.2000000000000002,False,True,16.07232493965805,56,25.106790570080385,23.317,in_progress,0.0,0
10,31.0,1.295362464254772,-1.0134204061023195,13.397851568932591,8.270292175566752,3.0511913271754296,[8.270292175566752 3.0511913271754296],2.1,False,True,17.10234813841706,57,25.106790570080385,23.391,in_progress,0.0,0
10,32.0,1.4806069693804933,-0.9579166456395533,18.50271752050576,-30.0,2.7146108536029874,[-30.0 2.7146108536029874],1.6800000000000002,False,True,17.8705525937008,58,25.106790570080385,23.447,in_progress,0.0,0
10,33.0,1.6434576180728395,-0.9073469731571291,20.612679626323906,6.540906377636347,3.063198819578663,[6.540906377636347 3.063198819578663],2.1,False,True,18.80358610020813,59,25.106790570080385,23.514,in_progress,0.0,0
10,34.0,1.8008441654121454,-0.8659106451150631,18.423300350199113,30.0,3.7608368507961023,[30.0 3.7608368507961023],1.6800000000000002,False,True,19.5686540897613,59,25.106790570080385,23.585,in_progress,0.0,0
10,35.0,1.9912575372391277,-0.794512210377947,20.00165028635662,-29.045152670021828,3.4196270331081924,[-29.045152670021828 3.4196270331081924],2.0,False,True,20.31934646384798,60,25.106790570080385,23.653,in_progress,0.0,0
10,36.0,2.1746159443413444,-0.7176373948955407,21.902423209705773,23.160286664439475,3.5752734608711005,[23.160286664439475 3.5752734608711005],2.4000000000000004,False,True,21.061270975115594,61,25.106790570080385,23.719,in_progress,0.0,0
10,37.0,2.365773467354268,-0.6457723299088791,21.319353563475932,30.0,4.0,[30.0 4.0],2.4000000000000004,False,True,21.73567259209243,61,25.106790570080385,23.788,in_progress,0.0,0
10,38.0,2.5589314334894624,-0.547841051609512,25.24310766680019,-18.776218649393044,3.3750703978590586,[-18.776218649393044 3.3750703978590586],1.6800000000000002,False,True,22.3697582407622,62,25.106790570080385,23.855,in_progress,0.0,0
10,39.0,2.7466910935302016,-0.44409418426148184,28.60895080620336,-13.064668097693023,2.0,[-13.064668097693023 2.0],0.8800000000000001,False,False,22.85004413104846,62,25.106790570080385,23.911,in_progress,0.0,0
10,40.0,2.9329889603526307,-0.35765167335490744,26.814237065263196,-30.0,2.502029314837895,[-30.0 2.502029314837895],1.28064,False,False,22.85004413104846,62,25.106790570080385,23.981,in_progress,0.0,0
10,41.0,3.131730835268063,-0.27518234669633135,24.01182547290543,-30.0,3.87695173597324,[-30.0 3.87695173597324],1.024512,True,False,23.271352881122638,62,25.106790570080385,24.04,off_track,0.0,0
11,1.0,-1.3963539965174505,-1.2036468160004745,17.21895896588438,-17.187034184080858,4.0,[-17.187034184080858 4.0],0.0,False,True,0.558294987896224,48,25.106790570080385,24.188,prepare,0.0,0
11,2.0,-1.396555345369542,-1.2035713488689912,17.232454510534883,-10.384169244309522,3.2469700829318775,[-10.384169244309522 3.2469700829318775],3.0,False,True,0.5576180659539798,48,25.106790570080385,24.261,in_progress,0.0,0
11,3.0,-1.3894011977682488,-1.1965172064719545,18.459161938748487,-30.0,3.651542970468482,[-30.0 3.651542970468482],2.4000000000000004,False,True,0.5931574008481211,48,25.106790570080385,24.324,in_progress,0.0,0
11,4.0,-1.3685974200519366,-1.19806459377813,16.320862019186634,-29.661363826372117,2.3620485616628306,[-29.661363826372117 2.3620485616628306],1.6,False,True,0.6704731322696444,48,25.106790570080385,24.377,in_progress,0.0,0
11,5.0,-1.3362093714215888,-1.2084921626628173,11.793399349190157,-30.0,3.108363700719621,[-30.0 3.108363700719621],2.4000000000000004,False,True,0.7813794387219297,48,25.106790570080385,24.452,in_progress,0.0,0
11,6.0,-1.2793799605117837,-1.2326007995600978,3.6092927530466286,9.79837184426166,2.0,[9.79837184426166 2.0],2.0,False,True,0.9691223387968018,48,25.106790570080385,24.521,in_progress,0.0,0
11,7.0,-1.224532597928716,-1.249654005270809,-1.745716454407832,-30.0,3.6059063972107968,[-30.0 3.6059063972107968],2.0,False,True,1.1719935661366532,48,25.106790570080385,24.579,in_progress,0.0,0
11,8.0,-1.1554962730497687,-1.2680380924345396,-5.831417381618089,10.161293454513405,3.433204610439444,[10.161293454513405 3.433204610439444],2.5,False,True,1.418540130770507,48,25.106790570080385,24.656,in_progress,0.0,0
11,9.0,-1.067771166620192,-1.2898311519857688,-8.311460576990877,-13.671442686394212,4.0,[-13.671442686394212 4.0],2.5,False,True,1.73344971985111,49,25.106790570080385,24.724,in_progress,0.0,0
11,10.0,-0.9642791754860286,-1.3110433916181798,-9.76419629116971,30.0,2.0,[30.0 2.0],0.8800000000000001,False,True,2.410007928798541,49,25.106790570080385,24.784,in_progress,0.0,0
11,11.0,-0.8653033997085665,-1.3398205361285158,-12.386877881446848,30.0,2.0,[30.0 2.0],0.8800000000000001,False,True,2.8121867099726194,50,25.106790570080385,24.857,in_progress,0.0,0
11,12.0,-0.740590556718173,-1.3540335595435986,-9.684775210129589,30.0,2.062066772712794,[30.0 2.062066772712794],0.8800000000000001,False,True,3.614973067912619,50,25.106790570080385,24.921,in_progress,0.0,0
11,13.0,-0.614425417823168,-1.3482609809319075,-4.01021497105081,-15.21022171462039,2.860043400007961,[-15.21022171462039 2.860043400007961],2.0,False,True,4.0691425262051055,51,25.106790570080385,24.988,in_progress,0.0,0
11,14.0,-0.4892710698800832,-1.3394004881808808,-0.41857284985044646,-30.0,3.0346198603847085,[-30.0 3.0346198603847085],2.0,False,True,4.514826809769468,51,25.106790570080385,25.05,in_progress,0.0,0
11,15.0,-0.34020209972362087,-1.348068396384504,-1.9918359931192757,28.775758889188012,2.5155663354029194,[28.775758889188012 2.5155663354029194],2.4000000000000004,False,True,5.090525602233987,51,25.106790570080385,25.122,in_progress,0.0,0
11,16.0,-0.19008476261534343,-1.3588587246204453,-2.900218471631548,-18.772193740214146,2.9406715880446233,[-18.772193740214146 2.9406715880446233],2.4000000000000004,False,True,5.647070544975308,52,25.106790570080385,25.179,in_progress,0.0,0
11,17.0,-0.0526182458137357,-1.3590640530769516,-1.6264422233241,30.0,3.965140275178883,[30.0 3.965140275178883],2.4000000000000004,False,True,6.1760596654136135,52,25.106790570080385,25.247,in_progress,0.0,0
11,18.0,0.1196856664364259,-1.357839480495461,-0.04006532697796733,-22.881120757025286,2.695648161978004,[-22.881120757025286 2.695648161978004],2.4000000000000004,False,True,6.845645663944966,53,25.106790570080385,25.319,in_progress,0.0,0
11,19.0,0.2934466867426881,-1.3521579963350578,1.4391350132064025,25.07750571088389,2.8203362615912573,[25.07750571088389 2.8203362615912573],2.4000000000000004,False,True,7.646313656308157,54,25.106790570080385,25.387,in_progress,0.0,0
11,20.0,0.4743089385729067,-1.3558313543622895,0.11554015512340304,-26.736262675326397,3.9961117966024924,[-26.736262675326397 3.9961117966024924],2.4000000000000004,False,True,8.357302510473774,54,25.106790570080385,25.446,in_progress,0.0,0
11,21.0,0.6465635432095419,-1.3560864394531744,-0.38070310246516476,25.632720089666407,4.0,[25.632720089666407 4.0],2.0,False,True,8.938345924672241,55,25.106790570080385,25.517,in_progress,0.0,0
11,22.0,0.8401031452804171,-1.3653607452048502,-1.8256849266797412,-18.515715635184236,2.0,[-18.515715635184236 2.0],0.8800000000000001,False,True,9.416928347178056,55,25.106790570080385,25.59,in_progress,0.0,0
11,23.0,1.0405134878330098,-1.3666409167007378,-0.0027697791463146214,3.290684309319971,4.0,[3.290684309319971 4.0],2.1,False,True,9.958233503988922,55,25.106790570080385,25.655,in_progress,0.0,0
11,24.0,1.2302396322302003,-1.3700112918501093,-0.4454448156004231,-30.0,2.0,[-30.0 2.0],0.64064,False,False,10.487581853920913,56,25.106790570080385,25.719,in_progress,0.0,0
11,25.0,1.4130851326895246,-1.373604258893031,-0.8410625937397135,-30.0,3.1909184416421406,[-30.0 3.1909184416421406],1.024512,True,False,11.10784052682563,56,25.106790570080385,25.79,off_track,0.0,0
12,1.0,-0.20516392238409234,-1.3387665786262561,-25.95365185909212,19.62298684123646,3.7709613613417203,[19.62298684123646 3.7709613613417203],0.0,False,True,0.5580693008156223,52,25.106790570080385,25.917,prepare,0.0,0
12,2.0,-0.20522564575364557,-1.338634411412254,-25.922429211365802,-30.0,2.358602079874628,[-30.0 2.358602079874628],1.6,False,True,0.5576180659539798,52,25.106790570080385,25.98,in_progress,0.0,0
12,3.0,-0.2006335660217511,-1.3410773826397127,-25.81266746491563,-11.35471301535609,3.825939022055022,[-11.35471301535609 3.825939022055022],3.0,False,True,0.5783216676420344,52,25.106790570080385,26.057,in_progress,0.0,0
12,4.0,-0.1831625417383366,-1.3515501328449164,-26.210518394697306,-22.922832431963805,3.0072961597234142,[-22.922832431963805 3.0072961597234142],2.4000000000000004,False,True,0.6591420764470057,52,25.106790570080385,26.122,in_progress,0.0,0
12,5.0,-0.1583995769504355,-1.3774359342713127,-29.116826363912722,-20.523611432528206,2.867837365192058,[-20.523611432528206 2.867837365192058],2.4000000000000004,False,True,0.7929208665244047,52,25.106790570080385,26.182,in_progress,0.0,0
12,6.0,-0.12986029423730983,-1.4168272249178042,-33.90308318366742,11.80393509437603,3.2766334648500814,[11.80393509437603 3.2766334648500814],3.0,False,True,0.9242981945709383,52,25.106790570080385,26.252,in_progress,0.0,0
12,7.0,-0.09032954901552036,-1.4679936076558882,-38.60273634442603,-7.876352741216309,2.9585590283438123,[-7.876352741216309 2.9585590283438123],2.5,False,True,1.1214454510521055,52,25.106790570080385,26.324,in_progress,0.0,0
12,8.0,-0.03610373549987292,-1.53131051542436,-42.164699037908555,28.53966097098167,2.747154372111385,[28.53966097098167 2.747154372111385],2.0,False,True,1.3860673503929055,52,25.106790570080385,26.386,in_progress,0.0,0
12,9.0,0.023776986733354308,-1.5893395446071399,-42.731029099578826,-1.6039426482807144,2.0,[-1.6039426482807144 2.0],1.5,False,True,1.6682247642056947,53,25.106790570080385,26.451,in_progress,0.0,0
12,10.0,0.09487979106413533,-1.6527907966730089,-42.39166921405387,-16.118509974317025,2.0,[-16.118509974317025 2.0],0.8800000000000001,False,True,1.9986470686239821,53,25.106790570080385,26.522,in_progress,0.0,0
12,11.0,0.16998722413681963,-1.744013987756916,-45.98099807066492,11.873891714790176,2.0,[11.873891714790176 2.0],1.1,False,True,2.0184246754315294,53,25.106790570080385,26.59,in_progress,0.0,0
12,12.0,0.24369612518290434,-1.8374276575996593,-48.35168726092889,-30.0,3.613007516563873,[-30.0 3.613007516563873],1.28064,False,False,2.081618672801888,53,25.106790570080385,26.658,in_progress,0.0,0
12,13.0,0.321724720052761,-1.9299549049721763,-49.25429216124103,-2.5395056815656005,2.847153420645011,[-2.5395056815656005 2.847153420645011],1.6008,False,False,2.316063133953905,53,25.106790570080385,26.718,in_progress,0.0,0
12,14.0,0.39878542946241097,-2.0415069441726534,-52.34526271435382,6.734984372177493,3.9706406984859406,[6.734984372177493 3.9706406984859406],1.28064,True,False,2.5322100489616584,53,25.106790570080385,26.788,off_track,0.0,0
13,1.0,0.9030264280058224,-1.0119929767460676,44.50504497238557,-14.653518219237293,2.336214716255024,[-14.653518219237293 2.336214716255024],0.0,False,True,0.5583172219065013,56,25.106790570080385,26.918,prepare,0.0,0
13,2.0,0.9029138265411651,-1.012128821654977,44.52435003769938,18.387164889354125,3.624631912767353,[18.387164889354125 3.624631912767353],2.4000000000000004,False,True,0.5576180659539798,56,25.106790570080385,26.979,in_progress,0.0,0
13,3.0,0.9095308306456822,-1.0043426701530778,44.73220899315216,-30.0,3.4070993994087084,[-30.0 3.4070993994087084],2.4000000000000004,False,True,0.598154330531131,56,25.106790570080385,27.052,in_progress,0.0,0
13,4.0,0.9289920951044599,-0.9911924570481548,43.661274946714826,1.6267147567137314,3.3627779186078772,[1.6267147567137314 3.3627779186078772],3.0,False,True,0.6906841017788157,56,25.106790570080385,27.119,in_progress,0.0,0
13,5.0,0.9607836391884104,-0.9664039633692431,42.71920063047853,-30.0,2.5510895809531595,[-30.0 2.5510895809531595],2.4000000000000004,False,True,0.8508658062854613,56,25.106790570080385,27.19,in_progress,0.0,0
13,6.0,1.0031607407656056,-0.9393718100090473,40.64104466075537,0.5944803286641651,2.0,[0.5944803286641651 2.0],2.0,False,True,1.0483904544176248,56,25.106790570080385,27.253,in_progress,0.0,0
13,7.0,1.0567477388180329,-0.909058999746403,37.91574627730575,-30.0,2.7526624014798626,[-30.0 2.7526624014798626],2.4000000000000004,False,True,1.2878677816826167,57,25.106790570080385,27.32,in_progress,0.0,0
13,8.0,1.1226484765230091,-0.8678418027102555,36.012454798862244,-1.2187824418829933,2.396291289306376,[-1.2187824418829933 2.396291289306376],2.0,False,True,1.5928553855506067,57,25.106790570080385,27.385,in_progress,0.0,0
13,9.0,1.195400294253238,-0.8296408815742253,33.41059254756888,-9.890627345587447,2.124322532701176,[-9.890627345587447 2.124322532701176],2.0,False,True,1.9906526481193065,57,25.106790570080385,27.452,in_progress,0.0,0
13,10.0,1.2880395619098781,-0.7750648312019972,32.1749283371232,-30.0,3.7797648479510353,[-30.0 3.7797648479510353],2.4000000000000004,False,True,2.4128266696564205,57,25.106790570080385,27.529,in_progress,0.0,0
13,11.0,1.408444505856491,-0.7152054383018004,29.27927007091723,29.74837313681629,2.9471020892010427,[29.74837313681629 2.9471020892010427],2.4000000000000004,False,True,2.9458425205444505,58,25.106790570080385,27.591,in_progress,0.0,0
13,12.0,1.5143431814105346,-0.6674018325289677,27.2024565975143,-12.794392846103957,2.0,[-12.794392846103957 2.0],2.0,False,True,3.4061958731982145,58,25.106790570080385,27.656,in_progress,0.0,0
13,13.0,1.6278777305803065,-0.6073321152152633,27.488252095517172,11.289405536331103,2.0246946735923643,[11.289405536331103 2.0246946735923643],2.0,False,True,3.8835675993639907,59,25.106790570080385,27.721,in_progress,0.0,0
13,14.0,1.739069937036951,-0.5517377720430611,27.19131575202192,8.23236740963079,3.682117245745448,[8.23236740963079 3.682117245745448],2.5,False,True,4.289864919574738,59,25.106790570080385,27.796,in_progress,0.0,0
13,15.0,1.8714619157951604,-0.46831325925832795,29.94492247696661,-20.498094572564675,2.4004715785359743,[-20.498094572564675 2.4004715785359743],0.8800000000000001,False,True,4.808281818479399,59,25.106790570080385,27.843,in_progress,0.0,0
13,16.0,1.9809452771076244,-0.400211468910206,30.910514641793807,-1.5590565409166892,2.413039574838936,[-1.5590565409166892 2.413039574838936],1.1,False,True,5.237086487356802,60,25.106790570080385,27.913,in_progress,0.0,0
13,17.0,2.1033987554148688,-0.3358024706024296,29.323771619039942,-3.7762911630417726,2.9233057034897856,[-3.7762911630417726 2.9233057034897856],2.1,False,True,5.552493399542991,60,25.106790570080385,27.985,in_progress,0.0,0
13,18.0,2.245599872421726,-0.2668877391542771,27.401841059864402,30.0,2.0,[30.0 2.0],0.64064,False,False,6.071247847534922,61,25.106790570080385,28.053,in_progress,0.0,0
13,19.0,2.4098268646434593,-0.18854729181790908,26.355995568691274,-6.272613279546821,2.566342505510174,[-6.272613279546821 2.566342505510174],1.6008,False,False,6.646982662196443,61,25.106790570080385,28.118,in_progress,0.0,0
13,20.0,2.536744178629502,-0.12730103868397982,25.88353065877372,30.0,2.3782268578308674,[30.0 2.3782268578308674],0.512512,True,False,6.828689785662334,61,25.106790570080385,28.19,off_track,0.0,0
14,1.0,2.0546457717677216,-0.6646338442234881,-1.4749522034577913,29.049112386972958,2.3412312868383838,[29.049112386972958 2.3412312868383838],0.0,False,True,0.5571517860764486,60,25.106790570080385,28.319,prepare,0.0,0
14,2.0,2.0545044680912143,-0.6648028059925893,-1.5032762591727757,-30.0,2.1483538858782047,[-30.0 2.1483538858782047],1.6,False,True,0.5566963933226976,60,25.106790570080385,28.384,in_progress,0.0,0
14,3.0,2.0615957196973365,-0.6635748336671345,-0.9499313235998863,-4.91805789929527,3.0034221786182376,[-4.91805789929527 3.0034221786182376],3.0,False,True,0.5838862815379597,60,25.106790570080385,28.446,in_progress,0.0,0
14,4.0,2.0792238226983146,-0.6648341332862806,-1.040215621097061,0.403081085900169,3.227025647440018,[0.403081085900169 3.227025647440018],3.0,False,True,0.6540559777050481,60,25.106790570080385,28.518,in_progress,0.0,0
14,5.0,2.1174101019147917,-0.6667033111164373,-1.2947878605110976,3.0708345115872646,3.343920076757077,[3.0708345115872646 3.343920076757077],3.0,False,True,0.8055451767230437,60,25.106790570080385,28.588,in_progress,0.0,0
14,6.0,2.1715894386883097,-0.6696057467090147,-1.698540909453377,9.931919038180254,3.4784258696931993,[9.931919038180254 3.4784258696931993],3.0,False,True,1.0206303532857786,60,25.106790570080385,28.648,in_progress,0.0,0
14,7.0,2.235202258787731,-0.6691338858442937,-1.2401474340679766,24.192813251481617,4.0,[24.192813251481617 4.0],2.4000000000000004,False,True,1.2708452576136509,61,25.106790570080385,28.709,in_progress,0.0,0
14,8.0,2.3139124110514073,-0.6584833794579753,1.4951054502721608,-2.5767371794081058,4.0,[-2.5767371794081058 4.0],3.0,False,True,1.574424244544692,61,25.106790570080385,28.784,in_progress,0.0,0
14,9.0,2.427673856003405,-0.6444862909474587,3.610106954374836,16.81150501510637,3.041316029161516,[16.81150501510637 3.041316029161516],2.0,False,True,1.9715127866251403,61,25.106790570080385,28.852,in_progress,0.0,0
14,10.0,2.530142151575414,-0.6326376946517671,4.791375241113142,30.0,2.5116665229986355,[30.0 2.5116665229986355],2.0,False,True,2.351376415380635,62,25.106790570080385,28.921,in_progress,0.0,0
14,11.0,2.6460673018581717,-0.5985347387313331,9.938467607307489,30.0,3.8502034991578555,[30.0 3.8502034991578555],1.6800000000000002,False,True,2.758681059422108,62,25.106790570080385,28.99,in_progress,0.0,0
14,12.0,2.7802804019499265,-0.5424448599972282,16.53958281055995,0.7302779136974884,2.0,[0.7302779136974884 2.0],1.1,False,True,2.850044131048446,62,25.106790570080385,29.061,in_progress,0.0,0
14,13.0,2.9101880634802657,-0.48352293288813886,21.009464499787004,30.0,2.716086498948408,[30.0 2.716086498948408],1.28064,False,False,3.0591249912769958,62,25.106790570080385,29.119,in_progress,0.0,0
14,14.0,3.034210624037623,-0.4252224945872996,23.379480322482138,30.0,2.0,[30.0 2.0],0.64064,False,False,3.316677978301108,62,25.106790570080385,29.19,in_progress,0.0,0
14,15.0,3.162494636250194,-0.34941025662111,27.009033704846352,-19.120068811685183,2.764206854051946,[-19.120068811685183 2.764206854051946],1.024512,True,False,3.5461923769348314,63,25.106790570080385,29.241,off_track,0.0,0
15,1.0,3.024625931222961,-1.3110741651172215,-63.702915389854894,-18.6998886211964,3.3982663108245976,[-18.6998886211964 3.3982663108245976],0.0,False,True,0.553308223921356,64,25.106790570080385,29.391,prepare,0.0,0
15,2.0,3.0245454686804134,-1.3109827973062784,-63.74974922040336,-24.247378223833316,2.640832759108524,[-24.247378223833316 2.640832759108524],2.4000000000000004,False,True,0.5528252050120974,64,25.106790570080385,29.454,in_progress,0.0,0
15,3.0,3.0263042339189936,-1.317348236587839,-64.0302608616401,-30.0,4.0,[-30.0 4.0],2.4000000000000004,False,True,0.5774056177715758,64,25.106790570080385,29.523,in_progress,0.0,0
15,4.0,3.026635552762945,-1.3428092958616362,-66.68964693811083,6.25779432554733,2.0,[6.25779432554733 2.0],2.0,False,True,0.659918221950706,64,25.106790570080385,29.592,in_progress,0.0,0
15,5.0,3.0376519830858015,-1.3747262306341912,-67.34540424521026,-24.074522504055217,2.7124020458841924,[-24.074522504055217 2.7124020458841924],2.4000000000000004,False,True,0.7883490466927712,64,25.106790570080385,29.652,in_progress,0.0,0
15,6.0,3.054650817672576,-1.4198574760986287,-67.79356334738148,-25.82984422168572,3.653373153926431,[-25.82984422168572 3.653373153926431],2.4000000000000004,False,True,0.9733044858362128,65,25.106790570080385,29.713,in_progress,0.0,0
15,7.0,3.061375700462093,-1.487772342842335,-72.2756697639499,-6.662042601476152,3.7505832578680356,[-6.662042601476152 3.7505832578680356],2.5,False,True,1.2071715558015894,65,25.106790570080385,29.783,in_progress,0.0,0
15,8.0,3.063517167047191,-1.5615049780826995,-77.01189933529933,28.782005306280006,2.0,[28.782005306280006 2.0],1.2000000000000002,False,True,1.4402732581863975,65,25.106790570080385,29.855,in_progress,0.0,0
15,9.0,3.0828124597484297,-1.645846988172684,-77.50549698553021,14.3878879461584,2.0,[14.3878879461584 2.0],1.5,False,True,1.4402732581863975,65,25.106790570080385,29.917,in_progress,0.0,0
15,10.0,3.118213310460051,-1.7320121062729104,-73.98750948563769,27.60461936371594,2.872420002084273,[27.60461936371594 2.872420002084273],1.6800000000000002,False,True,1.6531514495311206,65,25.106790570080385,29.989,in_progress,0.0,0
15,11.0,3.176846382170238,-1.830003537346554,-67.747106704706,30.0,2.0,[30.0 2.0],0.8800000000000001,False,True,2.0220023772064666,65,25.106790570080385,30.053,in_progress,0.0,0
15,12.0,3.253633269121864,-1.9209465579366185,-59.90870684691063,-7.738470357232639,3.4991705261523576,[-7.738470357232639 3.4991705261523576],1.6800000000000002,False,False,2.446162302370314,66,25.106790570080385,30.12,in_progress,0.0,0
15,13.0,3.3411061728697455,-2.0184992458195965,-54.199800662992864,30.0,2.351173479089309,[30.0 2.351173479089309],0.64064,False,False,2.6345301082796535,66,25.106790570080385,30.186,in_progress,0.0,0
15,14.0,3.4359657761699327,-2.1229945173831717,-50.43543387583916,-30.0,4.0,[-30.0 4.0],1.28064,False,False,2.9409893694164135,66,25.106790570080385,30.266,in_progress,0.0,0
15,15.0,3.540153337764894,-2.2346005361781818,-48.78066354130012,-30.0,2.2225202784535467,[-30.0 2.2225202784535467],0.512512,True,False,3.421923245526892,67,25.106790570080385,30.325,off_track,0.0,0
16,1.0,4.170695414401044,-1.6944117027285135,-5.966321131333797,20.37603542997394,3.080550878419613,[20.37603542997394 3.080550878419613],0.0,False,True,0.5571395520444944,68,25.106790570080385,30.461,prepare,0.0,0
16,2.0,4.17051733583029,-1.6943365096969905,-5.9489503194659115,19.510406935973833,2.0,[19.510406935973833 2.0],1.6,False,True,0.5564202130083906,68,25.106790570080385,30.524,in_progress,0.0,0
16,3.0,4.177521936287102,-1.6972381482853915,-6.566209508548095,19.035406910604642,2.6453420397755583,[19.035406910604642 2.6453420397755583],2.4000000000000004,False,True,0.5847071125389292,68,25.106790570080385,30.594,in_progress,0.0,0
16,4.0,4.197405061537944,-1.6974953534053514,-6.134685281686666,25.88220660879233,2.0,[25.88220660879233 2.0],1.6,False,True,0.6638886161914659,69,25.106790570080385,30.659,in_progress,0.0,0
16,5.0,4.2330210295988815,-1.691520465248699,-3.848146769984363,30.0,3.364627259540761,[30.0 3.364627259540761],2.4000000000000004,False,True,0.8048259643085642,69,25.106790570080385,30.734,in_progress,0.0,0
16,6.0,4.286375137728746,-1.6781655577461412,0.0814784048995591,30.0,3.919173468329256,[30.0 3.919173468329256],2.4000000000000004,False,True,1.0153411871324236,69,25.106790570080385,30.774,in_progress,0.0,0
16,7.0,4.337862756082252,-1.660482012875002,4.1833477113143855,8.715995798881139,2.456243649853573,[8.715995798881139 2.456243649853573],2.0,False,True,1.21782290542094,69,25.106790570080385,30.848,in_progress,0.0,0
16,8.0,4.414697469933649,-1.6419989248802953,7.014476569032998,-30.0,2.7403866399281958,[-30.0 2.7403866399281958],2.4000000000000004,False,True,1.5595649631915065,69,25.106790570080385,30.92,in_progress,0.0,0
16,9.0,4.503781826660197,-1.6373203647398313,5.594573882191011,0.5059434662574773,2.386578024933943,[0.5059434662574773 2.386578024933943],2.0,False,True,1.9119251090983336,70,25.106790570080385,30.987000000000002,in_progress,0.0,0
16,10.0,4.604794496539517,-1.6374755981627245,3.413920464068597,11.077887968942285,2.0,[11.077887968942285 2.0],2.0,False,True,2.3075417253653474,70,25.106790570080385,31.06,in_progress,0.0,0
16,11.0,4.720439245632826,-1.6272139024582128,4.032301319613297,3.0445703887275357,4.0,[3.0445703887275357 4.0],3.0,False,True,2.7357360636794614,70,25.106790570080385,31.122,in_progress,0.0,0
16,12.0,4.827969147603096,-1.6114299968934964,5.8105392398706295,30.0,2.0,[30.0 2.0],1.2000000000000002,False,True,3.1256236031250273,71,25.106790570080385,31.173,in_progress,0.0,0
16,13.0,4.954900347929907,-1.5826816666837726,9.003287627587401,-29.938476101851425,2.0,[-29.938476101851425 2.0],1.2000000000000002,False,True,3.6084493510548987,71,25.106790570080385,31.259,in_progress,0.0,0
16,14.0,5.092427570475669,-1.5519999623796945,10.708953796102813,-21.591234365579986,2.6935935415365346,[-21.591234365579986 2.6935935415365346],1.6800000000000002,False,True,3.7073160030430263,71,25.106790570080385,31.319,in_progress,0.0,0
16,15.0,5.211062981567067,-1.5421684291402844,8.05709982982795,-6.42954499585052,3.816034264839236,[-6.42954499585052 3.816034264839236],2.1,False,True,3.949138927266682,71,25.106790570080385,31.383,in_progress,0.0,0
16,16.0,5.354713390490939,-1.545274918326697,3.1484566670915837,-19.17994198930974,2.9599598740066395,[-19.17994198930974 2.9599598740066395],1.28064,False,False,4.188180863417356,71,25.106790570080385,31.449,in_progress,0.0,0
16,17.0,5.519049175208757,-1.568730096378921,-4.172750123210239,30.0,2.6289004438464376,[30.0 2.6289004438464376],1.024512,True,False,4.3903561006927045,72,25.106790570080385,31.517,off_track,0.0,0
17,1.0,5.024238349882199,-1.0216414454293035,89.76595653565555,-2.8137335570786277,2.110697554392007,[-2.8137335570786277 2.110697554392007],0.0,False,True,0.5585283750538905,73,25.106790570080385,31.646,prepare,0.0,0
17,2.0,5.024256039147282,-1.0218700689799696,89.765997745923,30.0,3.2511157116386156,[30.0 3.2511157116386156],2.4000000000000004,False,True,0.5576180659539798,73,25.106790570080385,31.715,in_progress,0.0,0
17,3.0,5.022547891407756,-1.0105456387914133,90.16422172467459,30.0,2.0,[30.0 2.0],1.6,False,True,0.6026949524962966,73,25.106790570080385,31.783,in_progress,0.0,0
17,4.0,5.014202124407183,-0.9908348364594605,91.82595048265377,28.329622101244865,2.0,[28.329622101244865 2.0],1.6,False,True,0.6810663913135007,73,25.106790570080385,31.853,in_progress,0.0,0
17,5.0,4.994271066621457,-0.9584742484579454,96.38019112992848,-9.915896572311599,2.4285552452265358,[-9.915896572311599 2.4285552452265358],2.0,False,True,0.8096328746451831,73,25.106790570080385,31.917,in_progress,0.0,0
17,6.0,4.97162168214715,-0.9150327131016873,100.44669413174226,-30.0,3.0341503506371694,[-30.0 3.0341503506371694],2.4000000000000004,False,True,0.9822900313560368,73,25.106790570080385,31.988,in_progress,0.0,0
17,7.0,4.959974920279426,-0.8527564142371373,100.44267431646246,30.0,2.9512605144948236,[30.0 2.9512605144948236],2.4000000000000004,False,True,1.2586079952009332,73,25.106790570080385,32.051,in_progress,0.0,0
17,8.0,4.9522239871560805,-0.7883048932770862,99.67370294586865,-22.755659400920642,2.758778450690845,[-22.755659400920642 2.758778450690845],2.4000000000000004,False,True,1.5171566423101135,73,25.106790570080385,32.12,in_progress,0.0,0
17,9.0,4.937537370039102,-0.7000818313192727,99.49368339209954,-29.131021743955408,2.0,[-29.131021743955408 2.0],1.6,False,True,1.8728585988110003,74,25.106790570080385,32.19,in_progress,0.0,0
17,10.0,4.94174863073441,-0.6105809325335753,95.26114425413596,0.45493381784096343,2.0,[0.45493381784096343 2.0],2.0,False,True,2.225306644402625,74,25.106790570080385,32.251,in_progress,0.0,0
17,11.0,4.946186955202074,-0.5076366667920719,92.28467759858545,30.0,3.8864418084871755,[30.0 3.8864418084871755],2.4000000000000004,False,True,2.6303522274932822,74,25.106790570080385,32.318,in_progress,0.0,0
17,12.0,4.940076036449139,-0.40106861466407845,92.99564466162504,30.0,2.0,[30.0 2.0],1.6,False,True,3.054984161479979,75,25.106790570080385,32.383,in_progress,0.0,0
17,13.0,4.909423892517598,-0.27199990649526906,97.81677942467539,-7.624774613917175,2.179579991856855,[-7.624774613917175 2.179579991856855],2.0,False,True,3.579932331739921,75,25.106790570080385,32.456,in_progress,0.0,0
17,14.0,4.8758893783575115,-0.15566454625325649,101.34308143986902,10.84763359125678,3.8929978239596057,[10.84763359125678 3.8929978239596057],3.0,False,True,4.05524757145852,75,25.106790570080385,32.515,in_progress,0.0,0
17,15.0,4.839733133690614,-0.02734645472867331,103.72760855013334,-30.0,2.601388879252226,[-30.0 2.601388879252226],2.0,False,True,4.579153434201444,76,25.106790570080385,32.585,in_progress,0.0,0
17,16.0,4.800343132054071,0.11125298840131001,105.36623800023561,-30.0,2.0,[-30.0 2.0],1.2000000000000002,False,True,5.140253508709036,76,25.106790570080385,32.656,in_progress,0.0,0
17,17.0,4.774769443241527,0.26139361576255027,102.43627445929013,30.0,2.0,[30.0 2.0],1.2000000000000002,False,True,5.745450322042844,77,25.106790570080385,32.711,in_progress,0.0,0
17,18.0,4.754987581528558,0.39176793753401506,100.6300058730914,14.903114403947747,3.1171895599327484,[14.903114403947747 3.1171895599327484],2.5,False,True,6.292911430447257,77,25.106790570080385,32.778,in_progress,0.0,0
17,19.0,4.717429505764038,0.5313950033483387,102.90578506983384,23.06510060685345,2.8908770113094913,[23.06510060685345 2.8908770113094913],2.0,False,True,6.864812662360875,78,25.106790570080385,32.848,in_progress,0.0,0
17,20.0,4.65871911052174,0.684943794343464,107.58625353281857,-28.39791020329215,3.2629343733211167,[-28.39791020329215 3.2629343733211167],2.0,False,True,7.510740381729219,78,25.106790570080385,32.916,in_progress,0.0,0
17,21.0,4.591869629069561,0.8573442768039267,109.5639767242979,13.60532095399779,2.7770403522246205,[13.60532095399779 2.7770403522246205],2.1,False,True,8.378417328792143,79,25.106790570080385,32.996,in_progress,0.0,0
17,22.0,4.534528649729208,1.0398045798998807,108.46027240239297,-28.362560557859744,2.0,[-28.362560557859744 2.0],0.8800000000000001,False,True,9.140036581634947,80,25.106790570080385,33.051,in_progress,0.0,0
17,23.0,4.481903116488949,1.192323513161812,108.78743153982516,30.0,2.908874846202434,[30.0 2.908874846202434],2.0,False,True,10.185638932699426,81,25.106790570080385,33.127,in_progress,0.0,0
17,24.0,4.426610746024447,1.3516479880474783,109.23670525171077,11.288165585499613,2.7881386293506614,[11.288165585499613 2.7881386293506614],3.0,False,True,10.860974280142276,81,25.106790570080385,33.176,in_progress,0.0,0
17,25.0,4.354979453724318,1.5087837276604643,112.27012960933098,-9.094099539238016,2.0,[-9.094099539238016 2.0],1.5,False,True,11.296550488670388,82,25.106790570080385,33.249,in_progress,0.0,0
17,26.0,4.29084443068663,1.6501588814843333,114.0154402142031,30.0,2.5043968644646424,[30.0 2.5043968644646424],1.6800000000000002,False,True,11.687238332795392,82,25.106790570080385,33.321,in_progress,0.0,0
17,27.0,4.215595048902183,1.8122889623212917,114.78091085131558,30.0,3.5215509768364504,[30.0 3.5215509768364504],1.6800000000000002,False,True,11.893831678212107,82,25.106790570080385,33.397,in_progress,0.0,0
17,28.0,4.131873511728423,1.9518506438729593,118.35266072307438,9.948357324669956,2.793319456917188,[9.948357324669956 2.793319456917188],1.6008,False,False,12.182625901925414,82,25.106790570080385,33.455,in_progress,0.0,0
17,29.0,4.020886591148269,2.106100892928521,123.47996481046377,-27.539730613129404,2.0,[-27.539730613129404 2.0],0.512512,True,False,12.645095751806522,83,25.106790570080385,33.515,off_track,0.0,0
18,1.0,4.903085422856417,0.22702707448720266,95.77425954231462,30.0,2.7335826156625505,[30.0 2.7335826156625505],0.0,False,True,0.5581426639502785,77,25.106790570080385,33.653,prepare,0.0,0
18,2.0,4.903151343943313,0.22690132701367963,95.73966240132461,-24.588186412567644,3.5199884625054763,[-24.588186412567644 3.5199884625054763],2.4000000000000004,False,True,0.5576180659539798,77,25.106790570080385,33.715,in_progress,0.0,0
18,3.0,4.901004676944887,0.23463089913822344,96.21530230405234,13.918228841275862,2.0,[13.918228841275862 2.0],2.0,False,True,0.5891055853861515,77,25.106790570080385,33.792,in_progress,0.0,0
18,4.0,4.896522445732949,0.2549548331206102,96.66766754120049,30.0,3.414938945258026,[30.0 3.414938945258026],2.4000000000000004,False,True,0.6714351164684107,77,25.106790570080385,33.852,in_progress,0.0,0
18,5.0,4.881639586958447,0.2870121860347056,99.39033575448875,-13.271488126268224,2.6754054235564784,[-13.271488126268224 2.6754054235564784],3.0,False,True,0.8044073050687883,77,25.106790570080385,33.926,in_progress,0.0,0
18,6.0,4.863125833668013,0.3354159758250784,101.90525264780355,-30.0,2.865325986843913,[-30.0 2.865325986843913],2.4000000000000004,False,True,1.0086436166939938,77,25.106790570080385,33.991,in_progress,0.0,0
18,7.0,4.86143582278331,0.3927379066387058,99.57530823022364,4.469971023797584,2.302518033330806,[4.469971023797584 2.302518033330806],2.0,False,True,1.235536817227556,77,25.106790570080385,34.044,in_progress,0.0,0
18,8.0,4.867038832778624,0.45378918683516223,95.9697567139507,-30.0,4.0,[-30.0 4.0],2.4000000000000004,False,True,1.4729356290423268,77,25.106790570080385,34.123,in_progress,0.0,0
18,9.0,4.879421337615297,0.5392138738039582,90.74224497794177,9.821336957168796,2.154692978250533,[9.821336957168796 2.154692978250533],2.0,False,True,1.802499228520149,78,25.106790570080385,34.183,in_progress,0.0,0
18,10.0,4.903538732145173,0.6225159885253052,84.61097354695035,-9.37287838595321,3.1913242553761267,[-9.37287838595321 3.1913242553761267],3.0,False,True,2.1148463591021183,78,25.106790570080385,34.256,in_progress,0.0,0
18,11.0,4.929030209447787,0.7270081982378606,81.00459706407462,18.67630308793195,3.9621433716411962,[18.67630308793195 3.9621433716411962],2.0,False,True,2.510428858922864,78,25.106790570080385,34.319,in_progress,0.0,0
18,12.0,4.9550539735233965,0.8393244917362644,79.43659481575138,28.000923874530606,3.005405190917899,[28.000923874530606 3.005405190917899],2.0,False,True,2.93647600610627,79,25.106790570080385,34.383,in_progress,0.0,0
18,13.0,4.966410629442577,0.965194191727025,81.93840721714135,-22.05834620698484,2.0268129385290523,[-22.05834620698484 2.0268129385290523],1.2000000000000002,False,True,3.3091657199594504,79,25.106790570080385,34.453,in_progress,0.0,0
18,14.0,4.974381419925512,1.0975735001869174,84.7636342288835,-26.18961874419636,2.0,[-26.18961874419636 2.0],0.8800000000000001,False,True,3.7986931630111798,79,25.106790570080385,34.517,in_progress,0.0,0
18,15.0,4.999260915435289,1.2279740638728194,82.20455045920477,-30.0,2.0,[-30.0 2.0],0.8800000000000001,False,True,4.259247864525284,80,25.106790570080385,34.588,in_progress,0.0,0
18,16.0,5.035689524333273,1.3467105619109507,78.04843253482053,-25.08866135507087,2.0,[-25.08866135507087 2.0],0.7040000000000002,False,False,4.5003262122534355,80,25.106790570080385,34.646,in_progress,0.0,0
18,17.0,5.088787132580568,1.4717568693624885,72.79095452045026,11.627538309838151,2.0,[11.627538309838151 2.0],0.8008,False,False,4.5003262122534355,80,25.106790570080385,34.71,in_progress,0.0,0
18,18.0,5.139362339783149,1.5867027802153373,69.95036103652788,-8.346216837594028,3.1245658694396985,[-8.346216837594028 3.1245658694396985],1.6008,False,False,4.5003262122534355,80,25.106790570080385,34.786,in_progress,0.0,0
18,19.0,5.195537861862523,1.7238236112967078,68.54940647237262,-10.034026515235976,4.0,[-10.034026515235976 4.0],1.28064,True,False,4.5003262122534355,80,25.106790570080385,34.852,off_track,0.0,0
19,1.0,4.5054626631106585,1.3652226857944423,139.82023081715894,-30.0,2.4766028128575055,[-30.0 2.4766028128575055],0.0,False,True,0.5583039584618699,81,25.106790570080385,34.98,prepare,0.0,0
19,2.0,4.505607053876405,1.3651267615047566,139.81563290674498,30.0,3.5850081361884567,[30.0 3.5850081361884567],2.4000000000000004,False,True,0.5576180659539798,81,25.106790570080385,35.043,in_progress,0.0,0
19,3.0,4.502402705758509,1.372269653603654,138.86481583343235,30.0,2.6865585373672123,[30.0 2.6865585373672123],2.4000000000000004,False,True,0.585725913722912,81,25.106790570080385,35.122,in_progress,0.0,0
19,4.0,4.482958565618379,1.3796574620894544,140.6488460146481,30.0,3.3716285875771512,[30.0 3.3716285875771512],2.4000000000000004,False,True,0.6638791078685147,81,25.106790570080385,35.19,in_progress,0.0,0
19,5.0,4.442938911567633,1.3870708919856167,145.32409987621529,0.026590304371929108,4.0,[0.026590304371929108 4.0],3.0,False,True,0.834097255651467,81,25.106790570080385,35.255,in_progress,0.0,0
19,6.0,4.393928241290665,1.4015891185036753,149.04093697364576,8.411334585363505,2.9552312052692065,[8.411334585363505 2.9552312052692065],3.0,False,True,1.0375994894988416,81,25.106790570080385,35.321,in_progress,0.0,0
19,7.0,4.343418446111547,1.4276075177146212,149.81115231982025,24.0390986703311,2.870717367249898,[24.0390986703311 2.870717367249898],2.4000000000000004,False,True,1.2585640373401596,81,25.106790570080385,35.388,in_progress,0.0,0
19,8.0,4.272673193555488,1.4550128180968356,152.4937160627603,4.58381442800836,2.644041240527117,[4.58381442800836 2.644041240527117],3.0,False,True,1.558867283608234,82,25.106790570080385,35.45,in_progress,0.0,0
19,9.0,4.193958805116175,1.4811930761437322,155.30662615021052,-30.0,4.0,[-30.0 4.0],2.4000000000000004,False,True,1.8886154102388475,82,25.106790570080385,35.51,in_progress,0.0,0
19,10.0,4.0999203890283695,1.5299625027694996,154.0948193800471,-1.7807352414848694,4.0,[-1.7807352414848694 4.0],3.0,False,True,2.253314448396504,82,25.106790570080385,35.586,in_progress,0.0,0
19,11.0,4.012808918683585,1.593784580535115,149.57288589653402,2.4684368556049066,2.0,[2.4684368556049066 2.0],1.5,False,True,2.6086304133117966,83,25.106790570080385,35.642,in_progress,0.0,0
19,12.0,3.9198184343778713,1.6571452378603726,147.07768279460274,-22.672420302207712,4.0,[-22.672420302207712 4.0],2.0,False,True,2.987287362301816,83,25.106790570080385,35.712,in_progress,0.0,0
19,13.0,3.808709710080609,1.7534450067452938,142.52973144078106,-30.0,3.69833407461874,[-30.0 3.69833407461874],1.6800000000000002,False,True,3.3998566557727705,83,25.106790570080385,35.786,in_progress,0.0,0
19,14.0,3.719509896496579,1.8631972817379354,135.15294517471864,30.0,3.999637393075067,[30.0 3.999637393075067],1.28064,False,False,3.753032125943778,84,25.106790570080385,35.851,in_progress,0.0,0
19,15.0,3.6287751997419906,1.983432110476641,129.06308318824472,10.887218269078943,3.01015640374425,[10.887218269078943 3.01015640374425],1.6008,False,False,4.112120175160139,84,25.106790570080385,35.911,in_progress,0.0,0
19,16.0,3.518418739489977,2.1009673091769767,128.75046247479102,-28.374378869431307,4.0,[-28.374378869431307 4.0],1.024512,True,False,4.5513353545931885,84,25.106790570080385,35.983,off_track,0.0,0
